Barèmes;;;;;;;
2026;;;;;;;
Montant du diviseur;;0;;;;;
;;;;;;;
;;;;;;;
Canton-Id;Canton;Type d'impôt;Sujet fiscal;Autorité fiscale;Pour les prochains CHF;En plus %;
15;AR;Impôt sur le revenu;Personne vivant seule, sans enfant;Canton;8 300;0;
15;AR;Impôt sur le revenu;Personne vivant seule, sans enfant;Canton;1 600;0,6;
15;AR;Impôt sur le revenu;Personne vivant seule, sans enfant;Canton;1 600;1;
15;AR;Impôt sur le revenu;Personne vivant seule, sans enfant;Canton;4 200;1,5;
15;AR;Impôt sur le revenu;Personne vivant seule, sans enfant;Canton;11 500;1,8;
15;AR;Impôt sur le revenu;Personne vivant seule, sans enfant;Canton;14 600;2,2;
15;AR;Impôt sur le revenu;Personne vivant seule, sans enfant;Canton;12 500;2,4;
15;AR;Impôt sur le revenu;Personne vivant seule, sans enfant;Canton;19 800;2,6;
15;AR;Impôt sur le revenu;Personne vivant seule, sans enfant;Canton;14 600;2,7;
15;AR;Impôt sur le revenu;Personne vivant seule, sans enfant;Canton;36 500;2,8;
15;AR;Impôt sur le revenu;Personne vivant seule, sans enfant;Canton;135 600;2,9;
15;AR;Impôt sur le revenu;Personne vivant seule, sans enfant;Canton;999 999 999;2,6;
15;AR;Impôt sur le revenu;Personne mariée / vivant seule, avec enfant;Canton;16 700;0;
15;AR;Impôt sur le revenu;Personne mariée / vivant seule, avec enfant;Canton;2 100;0,5;
15;AR;Impôt sur le revenu;Personne mariée / vivant seule, avec enfant;Canton;3 100;0,9;
15;AR;Impôt sur le revenu;Personne mariée / vivant seule, avec enfant;Canton;5 200;1,4;
15;AR;Impôt sur le revenu;Personne mariée / vivant seule, avec enfant;Canton;9 400;1,7;
15;AR;Impôt sur le revenu;Personne mariée / vivant seule, avec enfant;Canton;15 600;1,9;
15;AR;Impôt sur le revenu;Personne mariée / vivant seule, avec enfant;Canton;15 600;2,2;
15;AR;Impôt sur le revenu;Personne mariée / vivant seule, avec enfant;Canton;20 900;2,5;
15;AR;Impôt sur le revenu;Personne mariée / vivant seule, avec enfant;Canton;26 100;2,7;
15;AR;Impôt sur le revenu;Personne mariée / vivant seule, avec enfant;Canton;62 600;2,8;
15;AR;Impôt sur le revenu;Personne mariée / vivant seule, avec enfant;Canton;239 900;2,9;
15;AR;Impôt sur le revenu;Personne mariée / vivant seule, avec enfant;Canton;999 999 999;2,6;
;;;;;;;
Barèmes;;;;;;;
2025;;;;;;;
Montant du diviseur;;2;;;;;
;;;;;;;
;;;;;;;
Canton-Id;Canton;Type d'impôt;Sujet fiscal;Autorité fiscale;Pour les prochains CHF;En plus %;
16;AI;Impôt sur le revenu;Tous;Canton;3 000;0;
16;AI;Impôt sur le revenu;Tous;Canton;3 000;1;
16;AI;Impôt sur le revenu;Tous;Canton;3 000;2;
16;AI;Impôt sur le revenu;Tous;Canton;3 000;3;
16;AI;Impôt sur le revenu;Tous;Canton;3 000;4;
16;AI;Impôt sur le revenu;Tous;Canton;3 000;5;
16;AI;Impôt sur le revenu;Tous;Canton;4 000;6;
16;AI;Impôt sur le revenu;Tous;Canton;4 000;7;
16;AI;Impôt sur le revenu;Tous;Canton;4 000;7,5;
16;AI;Impôt sur le revenu;Tous;Canton;10 000;8;
16;AI;Impôt sur le revenu;Tous;Canton;34 000;8,5;
16;AI;Impôt sur le revenu;Tous;Canton;66 000;9;
16;AI;Impôt sur le revenu;Tous;Canton;60 000;8,5;
16;AI;Impôt sur le revenu;Tous;Canton;99 999 999;8;
;;;;;;;
Barèmes;;;;;;;
2025;;;;;;;
Montant du diviseur;;2;;;;;
;;;;;;;
;;;;;;;
Canton-Id;Canton;Type d'impôt;Sujet fiscal;Autorité fiscale;Pour les prochains CHF;En plus %;
19;AG;Impôt sur le revenu;Tous;Canton;4 300;0;
19;AG;Impôt sur le revenu;Tous;Canton;3 800;1;
19;AG;Impôt sur le revenu;Tous;Canton;3 900;2;
19;AG;Impôt sur le revenu;Tous;Canton;4 200;3;
19;AG;Impôt sur le revenu;Tous;Canton;4 300;4;
19;AG;Impôt sur le revenu;Tous;Canton;5 200;5;
19;AG;Impôt sur le revenu;Tous;Canton;7 400;6;
19;AG;Impôt sur le revenu;Tous;Canton;8 600;7;
19;AG;Impôt sur le revenu;Tous;Canton;9 600;8;
19;AG;Impôt sur le revenu;Tous;Canton;11 800;8,5;
19;AG;Impôt sur le revenu;Tous;Canton;11 700;9;
19;AG;Impôt sur le revenu;Tous;Canton;35 300;9,5;
19;AG;Impôt sur le revenu;Tous;Canton;66 300;10;
19;AG;Impôt sur le revenu;Tous;Canton;176 300;10,5;
19;AG;Impôt sur le revenu;Tous;Canton;9 999 999 999;11;
;;;;;;;
;;;;;;;
Barèmes;;;;;;;
2026;;;;;;;
Montant du diviseur;;0;;;;;
;;;;;;;
;;;;;;;
Canton-Id;Canton;Type d'impôt;Sujet fiscal;Autorité fiscale;Revenu imposable Confédération;En plus %;Montant de base CHF
12;BS;Impôt sur le revenu;Personne vivant seule, sans enfant;Canton;0;21;0
12;BS;Impôt sur le revenu;Personne vivant seule, sans enfant;Canton;212 500;27,25;44 625
12;BS;Impôt sur le revenu;Personne vivant seule, sans enfant;Canton;316 300;28,25;72 911
12;BS;Impôt sur le revenu;Personne mariée / vivant seule, avec enfant;Canton;0;21;0
12;BS;Impôt sur le revenu;Personne mariée / vivant seule, avec enfant;Canton;424 900;27,25;89 229
12;BS;Impôt sur le revenu;Personne mariée / vivant seule, avec enfant;Canton;632 500;28,25;145 800
;;;;;;;
;;;;;;;
Barèmes;;;;;;;
2026;;;;;;;
Montant du diviseur;;2;;;;;
;;;;;;;
;;;;;;;
Canton-Id;Canton;Type d'impôt;Sujet fiscal;Autorité fiscale;Revenu imposable Confédération;Formule;
13;BL;Impôt sur le revenu;Personne vivant seule, sans enfant;Canton;0;;
13;BL;Impôt sur le revenu;Personne vivant seule, sans enfant;Canton;16 731;-0.827548* $wert$ + 0.089722* $wert$ * (log $wert$ - 1) + 830.223746;
13;BL;Impôt sur le revenu;Personne vivant seule, sans enfant;Canton;44 615;-0.328507* $wert$ + 0.043108 * $wert$ * (log $wert$ - 1) + (-1249.444454);
13;BL;Impôt sur le revenu;Personne vivant seule, sans enfant;Canton;111 538;0.051153* $wert$ + 0.010441 * $wert$ * (log $wert$ - 1) + (-4893.077017);
13;BL;Impôt sur le revenu;Personne vivant seule, sans enfant;Canton;1 282 692;235687.5410 + 0.1862 * ($wert$ - 1282692);
13;BL;Impôt sur le revenu;Personne mariée / vivant seule, avec enfant;Canton;0;;
13;BL;Impôt sur le revenu;Personne mariée / vivant seule, avec enfant;Canton;8 366;0.49 * $wert$ / 100;
13;BL;Impôt sur le revenu;Personne mariée / vivant seule, avec enfant;Canton;16 731;-0.827548* $wert$ + 0.089722* $wert$ * (log $wert$ - 1) + 830.223746;
13;BL;Impôt sur le revenu;Personne mariée / vivant seule, avec enfant;Canton;44 615;-0.328507* $wert$ + 0.043108 * $wert$ * (log $wert$ - 1) + (-1249.444454);
13;BL;Impôt sur le revenu;Personne mariée / vivant seule, avec enfant;Canton;111 538;0.051153* $wert$ + 0.010441 * $wert$ * (log $wert$ - 1) + (-4893.077017);
13;BL;Impôt sur le revenu;Personne mariée / vivant seule, avec enfant;Canton;1 282 692;235687.5410 + 0.1862 * ($wert$ - 1282692);
;;;;;;;
;;;;;;;
Barèmes;;;;;;;
2025;;;;;;;
Montant du diviseur;;0;;;;;
;;;;;;;
;;;;;;;
Canton-Id;Canton;Type d'impôt;Sujet fiscal;Autorité fiscale;Pour les prochains CHF;En plus %;
2;BE;Impôt sur le revenu;Personne vivant seule, sans enfant;Canton;3 300;1,95;
2;BE;Impôt sur le revenu;Personne vivant seule, sans enfant;Canton;3 300;2,9;
2;BE;Impôt sur le revenu;Personne vivant seule, sans enfant;Canton;9 800;3,6;
2;BE;Impôt sur le revenu;Personne vivant seule, sans enfant;Canton;16 000;4,15;
2;BE;Impôt sur le revenu;Personne vivant seule, sans enfant;Canton;26 700;4,45;
2;BE;Impôt sur le revenu;Personne vivant seule, sans enfant;Canton;26 700;5;
2;BE;Impôt sur le revenu;Personne vivant seule, sans enfant;Canton;26 700;5,6;
2;BE;Impôt sur le revenu;Personne vivant seule, sans enfant;Canton;26 700;5,75;
2;BE;Impôt sur le revenu;Personne vivant seule, sans enfant;Canton;26 700;5,9;
2;BE;Impôt sur le revenu;Personne vivant seule, sans enfant;Canton;26 700;6,05;
2;BE;Impôt sur le revenu;Personne vivant seule, sans enfant;Canton;37 400;6,15;
2;BE;Impôt sur le revenu;Personne vivant seule, sans enfant;Canton;86 400;6,3;
2;BE;Impôt sur le revenu;Personne vivant seule, sans enfant;Canton;151 200;6,4;
2;BE;Impôt sur le revenu;Personne vivant seule, sans enfant;Canton;999 999 999;6,5;
2;BE;Impôt sur le revenu;Personne mariée / vivant seule, avec enfant;Canton;3 300;1,55;
2;BE;Impôt sur le revenu;Personne mariée / vivant seule, avec enfant;Canton;3 300;1,65;
2;BE;Impôt sur le revenu;Personne mariée / vivant seule, avec enfant;Canton;9 800;2,85;
2;BE;Impôt sur le revenu;Personne mariée / vivant seule, avec enfant;Canton;16 000;3,65;
2;BE;Impôt sur le revenu;Personne mariée / vivant seule, avec enfant;Canton;26 700;3,8;
2;BE;Impôt sur le revenu;Personne mariée / vivant seule, avec enfant;Canton;26 700;4,3;
2;BE;Impôt sur le revenu;Personne mariée / vivant seule, avec enfant;Canton;26 700;4,85;
2;BE;Impôt sur le revenu;Personne mariée / vivant seule, avec enfant;Canton;26 700;5,2;
2;BE;Impôt sur le revenu;Personne mariée / vivant seule, avec enfant;Canton;41 400;5,7;
2;BE;Impôt sur le revenu;Personne mariée / vivant seule, avec enfant;Canton;54 000;5,85;
2;BE;Impôt sur le revenu;Personne mariée / vivant seule, avec enfant;Canton;54 000;5,95;
2;BE;Impôt sur le revenu;Personne mariée / vivant seule, avec enfant;Canton;54 000;6,2;
2;BE;Impôt sur le revenu;Personne mariée / vivant seule, avec enfant;Canton;140 400;6,4;
2;BE;Impôt sur le revenu;Personne mariée / vivant seule, avec enfant;Canton;999 999 999;6,5;
;;;;;;;
;;;;;;;
Barèmes;;;;;;;
2025;;;;;;;
Montant du diviseur;;0;;;;;
;;;;;;;
;;;;;;;
Canton-Id;Canton;Type d'impôt;Sujet fiscal;Autorité fiscale;Revenu imposable Confédération;En plus %;Montant de base CHF
-;Confédération;Impôt sur le revenu;Personne vivant seule, sans enfant;Impôt fédéral;0;0;0
-;Confédération;Impôt sur le revenu;Personne vivant seule, sans enfant;Impôt fédéral;15 200;0,77;0
-;Confédération;Impôt sur le revenu;Personne vivant seule, sans enfant;Impôt fédéral;33 200;0,88;139
-;Confédération;Impôt sur le revenu;Personne vivant seule, sans enfant;Impôt fédéral;43 500;2,64;229
-;Confédération;Impôt sur le revenu;Personne vivant seule, sans enfant;Impôt fédéral;58 000;2,97;612
-;Confédération;Impôt sur le revenu;Personne vivant seule, sans enfant;Impôt fédéral;76 100;5,94;1 150
-;Confédération;Impôt sur le revenu;Personne vivant seule, sans enfant;Impôt fédéral;82 000;6,6;1 500
-;Confédération;Impôt sur le revenu;Personne vivant seule, sans enfant;Impôt fédéral;108 800;8,8;3 269
-;Confédération;Impôt sur le revenu;Personne vivant seule, sans enfant;Impôt fédéral;141 500;11;6 146
-;Confédération;Impôt sur le revenu;Personne vivant seule, sans enfant;Impôt fédéral;184 900;13,2;10 920
-;Confédération;Impôt sur le revenu;Personne vivant seule, sans enfant;Impôt fédéral;793 300;13,2;91 229
-;Confédération;Impôt sur le revenu;Personne vivant seule, sans enfant;Impôt fédéral;793 400;11,5;91 241
-;Confédération;Impôt sur le revenu;Personne mariée / vivant seule, avec enfant;Impôt fédéral;0;0;0
-;Confédération;Impôt sur le revenu;Personne mariée / vivant seule, avec enfant;Impôt fédéral;29 700;1;0
-;Confédération;Impôt sur le revenu;Personne mariée / vivant seule, avec enfant;Impôt fédéral;53 400;2;237
-;Confédération;Impôt sur le revenu;Personne mariée / vivant seule, avec enfant;Impôt fédéral;61 300;3;395
-;Confédération;Impôt sur le revenu;Personne mariée / vivant seule, avec enfant;Impôt fédéral;79 100;4;929
-;Confédération;Impôt sur le revenu;Personne mariée / vivant seule, avec enfant;Impôt fédéral;94 900;5;1 561
-;Confédération;Impôt sur le revenu;Personne mariée / vivant seule, avec enfant;Impôt fédéral;108 600;6;2 246
-;Confédération;Impôt sur le revenu;Personne mariée / vivant seule, avec enfant;Impôt fédéral;120 500;7;2 960
-;Confédération;Impôt sur le revenu;Personne mariée / vivant seule, avec enfant;Impôt fédéral;130 500;8;3 660
-;Confédération;Impôt sur le revenu;Personne mariée / vivant seule, avec enfant;Impôt fédéral;138 300;9;4 284
-;Confédération;Impôt sur le revenu;Personne mariée / vivant seule, avec enfant;Impôt fédéral;144 200;10;4 815
-;Confédération;Impôt sur le revenu;Personne mariée / vivant seule, avec enfant;Impôt fédéral;148 200;11;5 215
-;Confédération;Impôt sur le revenu;Personne mariée / vivant seule, avec enfant;Impôt fédéral;150 300;12;5 446
-;Confédération;Impôt sur le revenu;Personne mariée / vivant seule, avec enfant;Impôt fédéral;152 300;13;5 686
-;Confédération;Impôt sur le revenu;Personne mariée / vivant seule, avec enfant;Impôt fédéral;940 800;13;108 191
-;Confédération;Impôt sur le revenu;Personne mariée / vivant seule, avec enfant;Impôt fédéral;940 900;11,5;108 204
;;;;;;;
;;;;;;;
Barèmes;;;;;;;
2025;;;;;;;
Montant du diviseur;;2;;;;;
;;;;;;;
;;;;;;;
Canton-Id;Canton;Type d'impôt;Sujet fiscal;Autorité fiscale;Revenu imposable Confédération;En plus %;Montant de base CHF
10;FR;Impôt sur le revenu;Personne vivant seule, sans enfant;Canton;0;0;0
10;FR;Impôt sur le revenu;Personne vivant seule, sans enfant;Canton;5 199;0;0
10;FR;Impôt sur le revenu;Personne vivant seule, sans enfant;Canton;5 200;1;0
10;FR;Impôt sur le revenu;Personne vivant seule, sans enfant;Canton;17 500;4,17;0
10;FR;Impôt sur le revenu;Personne vivant seule, sans enfant;Canton;31 400;6,21;0
10;FR;Impôt sur le revenu;Personne vivant seule, sans enfant;Canton;48 300;8,04;0
10;FR;Impôt sur le revenu;Personne vivant seule, sans enfant;Canton;63 800;9,1;0
10;FR;Impôt sur le revenu;Personne vivant seule, sans enfant;Canton;77 600;9,98;0
10;FR;Impôt sur le revenu;Personne vivant seule, sans enfant;Canton;102 100;10,87;0
10;FR;Impôt sur le revenu;Personne vivant seule, sans enfant;Canton;128 700;11,72;0
10;FR;Impôt sur le revenu;Personne vivant seule, sans enfant;Canton;156 000;12,54;0
10;FR;Impôt sur le revenu;Personne vivant seule, sans enfant;Canton;181 000;13,11;0
10;FR;Impôt sur le revenu;Personne vivant seule, sans enfant;Canton;207 100;13,5;0
10;FR;Impôt sur le revenu;Personne mariée / vivant seule, avec enfant;Canton;0;0;0
10;FR;Impôt sur le revenu;Personne mariée / vivant seule, avec enfant;Canton;5 199;0;0
10;FR;Impôt sur le revenu;Personne mariée / vivant seule, avec enfant;Canton;5 200;1;0
10;FR;Impôt sur le revenu;Personne mariée / vivant seule, avec enfant;Canton;10 500;1;0
10;FR;Impôt sur le revenu;Personne mariée / vivant seule, avec enfant;Canton;35 000;4,17;0
10;FR;Impôt sur le revenu;Personne mariée / vivant seule, avec enfant;Canton;62 800;6,21;0
10;FR;Impôt sur le revenu;Personne mariée / vivant seule, avec enfant;Canton;96 600;8,04;0
10;FR;Impôt sur le revenu;Personne mariée / vivant seule, avec enfant;Canton;127 600;9,1;0
10;FR;Impôt sur le revenu;Personne mariée / vivant seule, avec enfant;Canton;155 200;9,98;0
10;FR;Impôt sur le revenu;Personne mariée / vivant seule, avec enfant;Canton;204 200;10,87;0
10;FR;Impôt sur le revenu;Personne mariée / vivant seule, avec enfant;Canton;257 400;11,72;0
10;FR;Impôt sur le revenu;Personne mariée / vivant seule, avec enfant;Canton;312 000;12,54;0
10;FR;Impôt sur le revenu;Personne mariée / vivant seule, avec enfant;Canton;362 000;13,11;0
10;FR;Impôt sur le revenu;Personne mariée / vivant seule, avec enfant;Canton;414 200;13,5;0
;;;;;;;
;;;;;;;
Barèmes;;;;;;;
2025;;;;;;;
Montant du diviseur;;2;;;;;
;;;;;;;
;;;;;;;
Canton-Id;Canton;Type d'impôt;Sujet fiscal;Autorité fiscale;Revenu imposable Confédération;En plus %;Montant de base CHF
25;GE;Impôt sur le revenu;Tous;Canton;0;0;0
25;GE;Impôt sur le revenu;Tous;Canton;18 649;7,3;0
25;GE;Impôt sur le revenu;Tous;Canton;22 469;8,2;279
25;GE;Impôt sur le revenu;Tous;Canton;24 716;9,1;463
25;GE;Impôt sur le revenu;Tous;Canton;26 962;10;668
25;GE;Impôt sur le revenu;Tous;Canton;29 210;10,9;892
25;GE;Impôt sur le revenu;Tous;Canton;34 827;11,3;1 505
25;GE;Impôt sur le revenu;Tous;Canton;39 320;12,3;2 012
25;GE;Impôt sur le revenu;Tous;Canton;43 815;12,8;2 565
25;GE;Impôt sur le revenu;Tous;Canton;48 309;13,2;3 140
25;GE;Impôt sur le revenu;Tous;Canton;77 518;14,2;6 996
25;GE;Impôt sur le revenu;Tous;Canton;126 950;15;14 015
25;GE;Impôt sur le revenu;Tous;Canton;170 764;15,6;20 587
25;GE;Impôt sur le revenu;Tous;Canton;193 234;15,8;24 093
25;GE;Impôt sur le revenu;Tous;Canton;276 369;16;37 228
25;GE;Impôt sur le revenu;Tous;Canton;294 345;16,8;40 104
25;GE;Impôt sur le revenu;Tous;Canton;414 554;17,6;60 299
25;GE;Impôt sur le revenu;Tous;Canton;649 355;18;101 624
;;;;;;;
Barèmes;;;;;;;
2026;;;;;;;
Montant du diviseur;;1,7;;;;;
;;;;;;;
;;;;;;;
Canton-Id;Canton;Type d'impôt;Sujet fiscal;Autorité fiscale;Revenu imposable Confédération;En plus %;Montant de base CHF
8;GL;Impôt sur le revenu;Tous;Canton;0;0;0
8;GL;Impôt sur le revenu;Tous;Canton;10 300;8;0
8;GL;Impôt sur le revenu;Tous;Canton;20 600;11;824
8;GL;Impôt sur le revenu;Tous;Canton;30 900;13;1 957
8;GL;Impôt sur le revenu;Tous;Canton;51 600;15;4 648
8;GL;Impôt sur le revenu;Tous;Canton;103 200;16;12 388
8;GL;Impôt sur le revenu;Tous;Canton;154 700;17,5;20 628
8;GL;Impôt sur le revenu;Tous;Canton;257 900;19;38 688
8;GL;Impôt sur le revenu;Tous;Canton;412 600;21;68 081
8;GL;Impôt sur le revenu;Tous;Canton;464 200;17;78 917
;;;;;;;
Barèmes;;;;;;;
2026;;;;;;;
Montant du diviseur;;1,9;;;;;
;;;;;;;
;;;;;;;
Canton-Id;Canton;Type d'impôt;Sujet fiscal;Autorité fiscale;Revenu imposable Confédération;En plus %;Montant de base CHF
18;GR;Impôt sur le revenu;Tous;Canton;0;0;0
18;GR;Impôt sur le revenu;Tous;Canton;16 895;2,5;0
18;GR;Impôt sur le revenu;Tous;Canton;17 985;4;27
18;GR;Impôt sur le revenu;Tous;Canton;19 075;5;71
18;GR;Impôt sur le revenu;Tous;Canton;20 165;6;125
18;GR;Impôt sur le revenu;Tous;Canton;21 255;6,5;191
18;GR;Impôt sur le revenu;Tous;Canton;22 345;7;262
18;GR;Impôt sur le revenu;Tous;Canton;24 525;8;414
18;GR;Impôt sur le revenu;Tous;Canton;31 065;8,5;937
18;GR;Impôt sur le revenu;Tous;Canton;35 425;9;1 308
18;GR;Impôt sur le revenu;Tous;Canton;39 785;9,5;1 700
18;GR;Impôt sur le revenu;Tous;Canton;44 145;10,3;2 115
18;GR;Impôt sur le revenu;Tous;Canton;65 945;10,6;4 360
18;GR;Impôt sur le revenu;Tous;Canton;87 745;10,7;6 671
18;GR;Impôt sur le revenu;Tous;Canton;109 545;11,2;9 003
18;GR;Impôt sur le revenu;Tous;Canton;218 545;11,3;21 211
18;GR;Impôt sur le revenu;Tous;Canton;327 545;11,4;33 528
18;GR;Impôt sur le revenu;Tous;Canton;436 545;11,6;45 954
18;GR;Impôt sur le revenu;Tous;Canton;780 440;11;85 846
18;GR;Impôt sur le revenu;Tous;Canton;780 441;11;85 849
;;;;;;;
Barèmes;;;;;;;
2025;;;;;;;
Montant du diviseur;;0;;;;;
;;;;;;;
;;;;;;;
Canton-Id;Canton;Type d'impôt;Sujet fiscal;Autorité fiscale;Pour les prochains CHF;En plus %;
26;JU;Impôt sur le revenu;Personne vivant seule, sans enfant;Canton;6 800;0;
26;JU;Impôt sur le revenu;Personne vivant seule, sans enfant;Canton;7 800;1,67;
26;JU;Impôt sur le revenu;Personne vivant seule, sans enfant;Canton;14 000;3,15;
26;JU;Impôt sur le revenu;Personne vivant seule, sans enfant;Canton;21 800;4,03;
26;JU;Impôt sur le revenu;Personne vivant seule, sans enfant;Canton;42 100;4,91;
26;JU;Impôt sur le revenu;Personne vivant seule, sans enfant;Canton;112 400;5,56;
26;JU;Impôt sur le revenu;Personne vivant seule, sans enfant;Canton;9 999 999 999;5,79;
26;JU;Impôt sur le revenu;Personne mariée / vivant seule, avec enfant (pas en concubinage);Canton;12 600;0;
26;JU;Impôt sur le revenu;Personne mariée / vivant seule, avec enfant (pas en concubinage);Canton;6 200;0,88;
26;JU;Impôt sur le revenu;Personne mariée / vivant seule, avec enfant (pas en concubinage);Canton;9 300;2,27;
26;JU;Impôt sur le revenu;Personne mariée / vivant seule, avec enfant (pas en concubinage);Canton;20 300;3,24;
26;JU;Impôt sur le revenu;Personne mariée / vivant seule, avec enfant (pas en concubinage);Canton;42 100;4,12;
26;JU;Impôt sur le revenu;Personne mariée / vivant seule, avec enfant (pas en concubinage);Canton;112 400;4,77;
26;JU;Impôt sur le revenu;Personne mariée / vivant seule, avec enfant (pas en concubinage);Canton;234 300;5,7;
26;JU;Impôt sur le revenu;Personne mariée / vivant seule, avec enfant (pas en concubinage);Canton;9 999 999 999;5,79;
26;JU;Impôt sur le revenu;Personne vivant seule, avec enfant (en concubinage);Canton;6 800;0;
26;JU;Impôt sur le revenu;Personne vivant seule, avec enfant (en concubinage);Canton;7 800;1,67;
26;JU;Impôt sur le revenu;Personne vivant seule, avec enfant (en concubinage);Canton;14 000;3,15;
26;JU;Impôt sur le revenu;Personne vivant seule, avec enfant (en concubinage);Canton;21 800;4,03;
26;JU;Impôt sur le revenu;Personne vivant seule, avec enfant (en concubinage);Canton;42 100;4,91;
26;JU;Impôt sur le revenu;Personne vivant seule, avec enfant (en concubinage);Canton;112 400;5,56;
26;JU;Impôt sur le revenu;Personne vivant seule, avec enfant (en concubinage);Canton;9 999 999 999;5,79;
;;;;;;;
Barèmes;;;;;;;
2026;;;;;;;
Montant du diviseur;;0;;;;;
;;;;;;;
;;;;;;;
Canton-Id;Canton;Type d'impôt;Sujet fiscal;Autorité fiscale;Revenu imposable Confédération;En plus %;Montant de base CHF
3;LU;Impôt sur le revenu;Personne vivant seule, sans enfant;Canton;0;0;0
3;LU;Impôt sur le revenu;Personne vivant seule, sans enfant;Canton;9 900;0,5;0
3;LU;Impôt sur le revenu;Personne vivant seule, sans enfant;Canton;12 300;1;12
3;LU;Impôt sur le revenu;Personne vivant seule, sans enfant;Canton;15 500;2;44
3;LU;Impôt sur le revenu;Personne vivant seule, sans enfant;Canton;16 700;3;68
3;LU;Impôt sur le revenu;Personne vivant seule, sans enfant;Canton;17 900;4;104
3;LU;Impôt sur le revenu;Personne vivant seule, sans enfant;Canton;20 800;4,5;220
3;LU;Impôt sur le revenu;Personne vivant seule, sans enfant;Canton;25 100;5;414
3;LU;Impôt sur le revenu;Personne vivant seule, sans enfant;Canton;110 100;5,25;4 664
3;LU;Impôt sur le revenu;Personne vivant seule, sans enfant;Canton;163 900;5,5;7 488
3;LU;Impôt sur le revenu;Personne vivant seule, sans enfant;Canton;190 100;5,8;8 929
3;LU;Impôt sur le revenu;Personne vivant seule, sans enfant;Canton;2 096 800;5,7;119 518
3;LU;Impôt sur le revenu;Personne mariée / vivant seule, avec enfant;Canton;0;0;0
3;LU;Impôt sur le revenu;Personne mariée / vivant seule, avec enfant;Canton;19 900;0,5;0
3;LU;Impôt sur le revenu;Personne mariée / vivant seule, avec enfant;Canton;24 000;1,5;21
3;LU;Impôt sur le revenu;Personne mariée / vivant seule, avec enfant;Canton;25 000;2,5;36
3;LU;Impôt sur le revenu;Personne mariée / vivant seule, avec enfant;Canton;26 200;3;66
3;LU;Impôt sur le revenu;Personne mariée / vivant seule, avec enfant;Canton;28 300;3,5;129
3;LU;Impôt sur le revenu;Personne mariée / vivant seule, avec enfant;Canton;32 500;4,5;276
3;LU;Impôt sur le revenu;Personne mariée / vivant seule, avec enfant;Canton;99 200;5;3 277
3;LU;Impôt sur le revenu;Personne mariée / vivant seule, avec enfant;Canton;138 100;5,5;5 222
3;LU;Impôt sur le revenu;Personne mariée / vivant seule, avec enfant;Canton;159 200;5,8;6 383
3;LU;Impôt sur le revenu;Personne mariée / vivant seule, avec enfant;Canton;1 425 500;5,6;79 828
;;;;;;;
Barèmes;;;;;;;
2026;;;;;;;
Montant du diviseur;;1,923076923;;;;;
;;;;;;;
;;;;;;;
Canton-Id;Canton;Type d'impôt;Sujet fiscal;Autorité fiscale;Revenu imposable Confédération;En plus %;Montant de base CHF
24;NE;Impôt sur le revenu;Tous;Canton;0;0;0
24;NE;Impôt sur le revenu;Tous;Canton;7 700;1,98;0
24;NE;Impôt sur le revenu;Tous;Canton;10 300;3,96;51
24;NE;Impôt sur le revenu;Tous;Canton;15 500;7,92;257
24;NE;Impôt sur le revenu;Tous;Canton;20 600;11,48;661
24;NE;Impôt sur le revenu;Tous;Canton;30 900;11,78;1 844
24;NE;Impôt sur le revenu;Tous;Canton;41 200;12,18;3 058
24;NE;Impôt sur le revenu;Tous;Canton;51 500;12,67;4 312
24;NE;Impôt sur le revenu;Tous;Canton;61 800;13,17;5 617
24;NE;Impôt sur le revenu;Tous;Canton;72 100;13,66;6 973
24;NE;Impôt sur le revenu;Tous;Canton;82 400;14,06;8 380
24;NE;Impôt sur le revenu;Tous;Canton;92 700;14,36;9 828
24;NE;Impôt sur le revenu;Tous;Canton;103 000;14,65;11 307
24;NE;Impôt sur le revenu;Tous;Canton;113 300;14,95;12 816
24;NE;Impôt sur le revenu;Tous;Canton;123 600;15,25;14 356
24;NE;Impôt sur le revenu;Tous;Canton;133 900;15,35;15 926
24;NE;Impôt sur le revenu;Tous;Canton;144 200;15,44;17 507
24;NE;Impôt sur le revenu;Tous;Canton;154 500;15,54;19 097
24;NE;Impôt sur le revenu;Tous;Canton;164 800;15,74;20 698
24;NE;Impôt sur le revenu;Tous;Canton;175 100;15,94;22 320
24;NE;Impôt sur le revenu;Tous;Canton;185 400;16,04;23 961
24;NE;Impôt sur le revenu;Tous;Canton;195 700;16,04;25 613
24;NE;Impôt sur le revenu;Tous;Canton;206 000;13,37;27 265
24;NE;Impôt sur le revenu;Tous;Canton;309 000;13,61;41 031
24;NE;Impôt sur le revenu;Tous;Canton;412 000;13,86;55 052
;;;;;;;
;;;;;;;
Barèmes;;;;;;;
2026;;;;;;;
Montant du diviseur;;1,85;;;;;
;;;;;;;
;;;;;;;
Canton-Id;Canton;Type d'impôt;Sujet fiscal;Autorité fiscale;Pour les prochains CHF;En plus %;
7;NW;Impôt sur le revenu;Tous;Canton;11 600;0;
7;NW;Impôt sur le revenu;Tous;Canton;2 400;0,5;
7;NW;Impôt sur le revenu;Tous;Canton;1 200;1;
7;NW;Impôt sur le revenu;Tous;Canton;1 200;1,2;
7;NW;Impôt sur le revenu;Tous;Canton;1 200;1,4;
7;NW;Impôt sur le revenu;Tous;Canton;1 200;1,6;
7;NW;Impôt sur le revenu;Tous;Canton;1 200;1,8;
7;NW;Impôt sur le revenu;Tous;Canton;1 200;2;
7;NW;Impôt sur le revenu;Tous;Canton;1 200;2,2;
7;NW;Impôt sur le revenu;Tous;Canton;1 200;2,4;
7;NW;Impôt sur le revenu;Tous;Canton;1 200;2,6;
7;NW;Impôt sur le revenu;Tous;Canton;8 000;2,8;
7;NW;Impôt sur le revenu;Tous;Canton;17 300;2,9;
7;NW;Impôt sur le revenu;Tous;Canton;31 200;3;
7;NW;Impôt sur le revenu;Tous;Canton;34 700;3,1;
7;NW;Impôt sur le revenu;Tous;Canton;32 800;3,2;
7;NW;Impôt sur le revenu;Tous;Canton;17 200;3,3;
7;NW;Impôt sur le revenu;Tous;Canton;999 999 999;2,75;
;;;;;;;
Barèmes;;;;;;;
2026;;;;;;;
Montant du diviseur;;0;;;;;
;;;;;;;
;;;;;;;
Canton-Id;Canton;Type d'impôt;Sujet fiscal;Autorité fiscale;Taux d'imposition;;
6;OW;Impôt sur le revenu;Tous;Canton;1,8;;
;;;;;;;
Barèmes;;;;;;;
2025;;;;;;;
Montant du diviseur;;2;;;;;
;;;;;;;
;;;;;;;
Canton-Id;Canton;Type d'impôt;Sujet fiscal;Autorité fiscale;Pour les prochains CHF;En plus %;
17;SG;Impôt sur le revenu;Tous;Canton;11 600;0;
17;SG;Impôt sur le revenu;Tous;Canton;4 200;4;
17;SG;Impôt sur le revenu;Tous;Canton;18 000;6;
17;SG;Impôt sur le revenu;Tous;Canton;26 400;8;
17;SG;Impôt sur le revenu;Tous;Canton;38 100;9,2;
17;SG;Impôt sur le revenu;Tous;Canton;165 900;9,4;
17;SG;Impôt sur le revenu;Tous;Canton;999 999 999;8,5;
;;;;;;;
Barèmes;;;;;;;
2026;;;;;;;
Montant du diviseur;;1,9;;;;;
;;;;;;;
;;;;;;;
Canton-Id;Canton;Type d'impôt;Sujet fiscal;Autorité fiscale;Revenu imposable Confédération;En plus %;Montant de base CHF
14;SH;Impôt sur le revenu;Tous;Canton;0;0;0
14;SH;Impôt sur le revenu;Tous;Canton;6 300;1;0
14;SH;Impôt sur le revenu;Tous;Canton;6 600;2;3
14;SH;Impôt sur le revenu;Tous;Canton;8 300;3;37
14;SH;Impôt sur le revenu;Tous;Canton;10 400;4;100
14;SH;Impôt sur le revenu;Tous;Canton;12 700;5;192
14;SH;Impôt sur le revenu;Tous;Canton;20 600;6;587
14;SH;Impôt sur le revenu;Tous;Canton;28 500;7;1 061
14;SH;Impôt sur le revenu;Tous;Canton;36 400;8;1 614
14;SH;Impôt sur le revenu;Tous;Canton;44 300;9;2 246
14;SH;Impôt sur le revenu;Tous;Canton;56 900;10;3 380
14;SH;Impôt sur le revenu;Tous;Canton;69 500;11;4 640
14;SH;Impôt sur le revenu;Tous;Canton;141 000;12;12 505
14;SH;Impôt sur le revenu;Tous;Canton;210 100;9,9;20 797
14;SH;Impôt sur le revenu;Tous;Canton;210 200;9,9;20 807
;;;;;;;
Barèmes;;;;;;;
2026;;;;;;;
Montant du diviseur;;1,9;;;;;
;;;;;;;
;;;;;;;
Canton-Id;Canton;Type d'impôt;Sujet fiscal;Autorité fiscale;Pour les prochains CHF;En plus %;
5;SZ;Impôt sur le revenu;Marié(e);Canton;1 500;0,25;
5;SZ;Impôt sur le revenu;Marié(e);Canton;1 300;0,5;
5;SZ;Impôt sur le revenu;Marié(e);Canton;1 100;0,75;
5;SZ;Impôt sur le revenu;Marié(e);Canton;1 000;1;
5;SZ;Impôt sur le revenu;Marié(e);Canton;1 000;1,25;
5;SZ;Impôt sur le revenu;Marié(e);Canton;1 100;1,5;
5;SZ;Impôt sur le revenu;Marié(e);Canton;1 300;1,75;
5;SZ;Impôt sur le revenu;Marié(e);Canton;1 800;2;
5;SZ;Impôt sur le revenu;Marié(e);Canton;2 400;2,25;
5;SZ;Impôt sur le revenu;Marié(e);Canton;3 600;2,5;
5;SZ;Impôt sur le revenu;Marié(e);Canton;5 900;2,75;
5;SZ;Impôt sur le revenu;Marié(e);Canton;8 200;3;
5;SZ;Impôt sur le revenu;Marié(e);Canton;10 500;3,25;
5;SZ;Impôt sur le revenu;Marié(e);Canton;11 600;3,5;
5;SZ;Impôt sur le revenu;Marié(e);Canton;9 300;3,65;
5;SZ;Impôt sur le revenu;Marié(e);Canton;197 200;3,9;
5;SZ;Impôt sur le revenu;Marié(e);Canton;174 700;7;
5;SZ;Impôt sur le revenu;Marié(e);Canton;999 999 999;5;
5;SZ;Impôt sur le revenu;Personne vivant seule;Canton;1 500;0,25;
5;SZ;Impôt sur le revenu;Personne vivant seule;Canton;1 300;0,5;
5;SZ;Impôt sur le revenu;Personne vivant seule;Canton;1 100;0,75;
5;SZ;Impôt sur le revenu;Personne vivant seule;Canton;1 000;1;
5;SZ;Impôt sur le revenu;Personne vivant seule;Canton;1 000;1,25;
5;SZ;Impôt sur le revenu;Personne vivant seule;Canton;1 100;1,5;
5;SZ;Impôt sur le revenu;Personne vivant seule;Canton;1 300;1,75;
5;SZ;Impôt sur le revenu;Personne vivant seule;Canton;1 800;2;
5;SZ;Impôt sur le revenu;Personne vivant seule;Canton;2 400;2,25;
5;SZ;Impôt sur le revenu;Personne vivant seule;Canton;3 600;2,5;
5;SZ;Impôt sur le revenu;Personne vivant seule;Canton;5 900;2,75;
5;SZ;Impôt sur le revenu;Personne vivant seule;Canton;8 200;3;
5;SZ;Impôt sur le revenu;Personne vivant seule;Canton;10 500;3,25;
5;SZ;Impôt sur le revenu;Personne vivant seule;Canton;11 600;3,5;
5;SZ;Impôt sur le revenu;Personne vivant seule;Canton;9 300;3,65;
5;SZ;Impôt sur le revenu;Personne vivant seule;Canton;197 200;3,9;
5;SZ;Impôt sur le revenu;Personne vivant seule;Canton;174 700;7;
5;SZ;Impôt sur le revenu;Personne vivant seule;Canton;999 999 999;5;
5;SZ;Impôt sur le revenu;Marié(e);Commune;1 500;0,25;
5;SZ;Impôt sur le revenu;Marié(e);Commune;1 300;0,5;
5;SZ;Impôt sur le revenu;Marié(e);Commune;1 100;0,75;
5;SZ;Impôt sur le revenu;Marié(e);Commune;1 000;1;
5;SZ;Impôt sur le revenu;Marié(e);Commune;1 000;1,25;
5;SZ;Impôt sur le revenu;Marié(e);Commune;1 100;1,5;
5;SZ;Impôt sur le revenu;Marié(e);Commune;1 300;1,75;
5;SZ;Impôt sur le revenu;Marié(e);Commune;1 800;2;
5;SZ;Impôt sur le revenu;Marié(e);Commune;2 400;2,25;
5;SZ;Impôt sur le revenu;Marié(e);Commune;3 600;2,5;
5;SZ;Impôt sur le revenu;Marié(e);Commune;5 900;2,75;
5;SZ;Impôt sur le revenu;Marié(e);Commune;8 200;3;
5;SZ;Impôt sur le revenu;Marié(e);Commune;10 500;3,25;
5;SZ;Impôt sur le revenu;Marié(e);Commune;11 600;3,5;
5;SZ;Impôt sur le revenu;Marié(e);Commune;9 300;3,65;
5;SZ;Impôt sur le revenu;Marié(e);Commune;197 200;3,9;
5;SZ;Impôt sur le revenu;Marié(e);Commune;999 999 999;3,65;
5;SZ;Impôt sur le revenu;Personne vivant seule;Commune;1 500;0,25;
5;SZ;Impôt sur le revenu;Personne vivant seule;Commune;1 300;0,5;
5;SZ;Impôt sur le revenu;Personne vivant seule;Commune;1 100;0,75;
5;SZ;Impôt sur le revenu;Personne vivant seule;Commune;1 000;1;
5;SZ;Impôt sur le revenu;Personne vivant seule;Commune;1 000;1,25;
5;SZ;Impôt sur le revenu;Personne vivant seule;Commune;1 100;1,5;
5;SZ;Impôt sur le revenu;Personne vivant seule;Commune;1 300;1,75;
5;SZ;Impôt sur le revenu;Personne vivant seule;Commune;1 800;2;
5;SZ;Impôt sur le revenu;Personne vivant seule;Commune;2 400;2,25;
5;SZ;Impôt sur le revenu;Personne vivant seule;Commune;3 600;2,5;
5;SZ;Impôt sur le revenu;Personne vivant seule;Commune;5 900;2,75;
5;SZ;Impôt sur le revenu;Personne vivant seule;Commune;8 200;3;
5;SZ;Impôt sur le revenu;Personne vivant seule;Commune;10 500;3,25;
5;SZ;Impôt sur le revenu;Personne vivant seule;Commune;11 600;3,5;
5;SZ;Impôt sur le revenu;Personne vivant seule;Commune;9 300;3,65;
5;SZ;Impôt sur le revenu;Personne vivant seule;Commune;197 200;3,9;
5;SZ;Impôt sur le revenu;Personne vivant seule;Commune;999 999 999;3,65;
;;;;;;;
Barèmes;;;;;;;
2026;;;;;;;
Montant du diviseur;;1,9;;;;;
;;;;;;;
;;;;;;;
Canton-Id;Canton;Type d'impôt;Sujet fiscal;Autorité fiscale;Revenu imposable Confédération;En plus %;Montant de base CHF
11;SO;Impôt sur le revenu;Tous;Canton;0;0;0
11;SO;Impôt sur le revenu;Tous;Canton;12 400;4,5;0
11;SO;Impôt sur le revenu;Tous;Canton;16 500;5;185
11;SO;Impôt sur le revenu;Tous;Canton;20 600;6,5;390
11;SO;Impôt sur le revenu;Tous;Canton;23 700;8;591
11;SO;Impôt sur le revenu;Tous;Canton;25 800;9;759
11;SO;Impôt sur le revenu;Tous;Canton;28 900;9,5;1 038
11;SO;Impôt sur le revenu;Tous;Canton;40 200;10;2 112
11;SO;Impôt sur le revenu;Tous;Canton;55 700;10,5;3 662
11;SO;Impôt sur le revenu;Tous;Canton;101 100;11,5;8 429
11;SO;Impôt sur le revenu;Tous;Canton;319 900;10,5;33 591
;;;;;;;
;;;;;;;
Barèmes;;;;;;;
2025;;;;;;;
Montant du diviseur;;0;;;;;
;;;;;;;
;;;;;;;
Canton-Id;Canton;Type d'impôt;Sujet fiscal;Autorité fiscale;Revenu imposable Confédération;En plus %;Montant de base CHF
21;TI;Impôt sur le revenu;Personne vivant seule, sans enfant;Canton;0;0;0
21;TI;Impôt sur le revenu;Personne vivant seule, sans enfant;Canton;12 500;0,16;0
21;TI;Impôt sur le revenu;Personne vivant seule, sans enfant;Canton;12 600;5,23;20
21;TI;Impôt sur le revenu;Personne vivant seule, sans enfant;Canton;17 500;5,95;276
21;TI;Impôt sur le revenu;Personne vivant seule, sans enfant;Canton;20 900;3,92;479
21;TI;Impôt sur le revenu;Personne vivant seule, sans enfant;Canton;26 100;7,5;683
21;TI;Impôt sur le revenu;Personne vivant seule, sans enfant;Canton;30 200;9,46;990
21;TI;Impôt sur le revenu;Personne vivant seule, sans enfant;Canton;40 000;10,38;1 917
21;TI;Impôt sur le revenu;Personne vivant seule, sans enfant;Canton;52 800;10,99;3 246
21;TI;Impôt sur le revenu;Personne vivant seule, sans enfant;Canton;58 800;11,8;3 839
21;TI;Impôt sur le revenu;Personne vivant seule, sans enfant;Canton;73 100;11,6;5 597
21;TI;Impôt sur le revenu;Personne vivant seule, sans enfant;Canton;91 500;12,47;7 731
21;TI;Impôt sur le revenu;Personne vivant seule, sans enfant;Canton;114 000;13,08;10 537
21;TI;Impôt sur le revenu;Personne vivant seule, sans enfant;Canton;227 900;14,04;25 435
21;TI;Impôt sur le revenu;Personne vivant seule, sans enfant;Canton;380 700;14,5;46 888
21;TI;Impôt sur le revenu;Personne mariée / vivant seule, avec enfant;Canton;0;0;0
21;TI;Impôt sur le revenu;Personne mariée / vivant seule, avec enfant;Canton;20 400;0,15;0
21;TI;Impôt sur le revenu;Personne mariée / vivant seule, avec enfant;Canton;20 500;3,92;30
21;TI;Impôt sur le revenu;Personne mariée / vivant seule, avec enfant;Canton;24 900;4,36;202
21;TI;Impôt sur le revenu;Personne mariée / vivant seule, avec enfant;Canton;28 300;2,62;351
21;TI;Impôt sur le revenu;Personne mariée / vivant seule, avec enfant;Canton;33 200;3,92;479
21;TI;Impôt sur le revenu;Personne mariée / vivant seule, avec enfant;Canton;42 400;6,54;840
21;TI;Impôt sur le revenu;Personne mariée / vivant seule, avec enfant;Canton;47 900;7,85;1 199
21;TI;Impôt sur le revenu;Personne mariée / vivant seule, avec enfant;Canton;60 700;10,12;2 204
21;TI;Impôt sur le revenu;Personne mariée / vivant seule, avec enfant;Canton;79 900;11,07;4 146
21;TI;Impôt sur le revenu;Personne mariée / vivant seule, avec enfant;Canton;90 500;12,65;5 320
21;TI;Impôt sur le revenu;Personne mariée / vivant seule, avec enfant;Canton;122 700;12,03;9 391
21;TI;Impôt sur le revenu;Personne mariée / vivant seule, avec enfant;Canton;141 100;12,91;11 606
21;TI;Impôt sur le revenu;Personne mariée / vivant seule, avec enfant;Canton;183 300;13,78;17 052
21;TI;Impôt sur le revenu;Personne mariée / vivant seule, avec enfant;Canton;227 900;14,3;23 197
21;TI;Impôt sur le revenu;Personne mariée / vivant seule, avec enfant;Canton;304 000;14,65;34 080
21;TI;Impôt sur le revenu;Personne mariée / vivant seule, avec enfant;Canton;761 500;14,5;101 103
;;;;;;;
Barèmes;;;;;;;
2025;;;;;;;
Montant du diviseur;;2;;;;;
;;;;;;;
;;;;;;;
Canton-Id;Canton;Type d'impôt;Sujet fiscal;Autorité fiscale;Revenu imposable Confédération;En plus %;Montant de base CHF
20;TG;Impôt sur le revenu;Tous;Canton;0;0;0
20;TG;Impôt sur le revenu;Tous;Canton;12 200;2;0
20;TG;Impôt sur le revenu;Tous;Canton;14 600;3;48
20;TG;Impôt sur le revenu;Tous;Canton;16 800;4;114
20;TG;Impôt sur le revenu;Tous;Canton;18 900;5;198
20;TG;Impôt sur le revenu;Tous;Canton;21 000;6;303
20;TG;Impôt sur le revenu;Tous;Canton;36 800;7;1 251
20;TG;Impôt sur le revenu;Tous;Canton;84 400;7,5;4 583
20;TG;Impôt sur le revenu;Tous;Canton;158 400;8;10 133
;;;;;;;
;;;;;;;
Barèmes;;;;;;;
2026;;;;;;;
Montant du diviseur;;0;;;;;
;;;;;;;
;;;;;;;
Canton-Id;Canton;Type d'impôt;Sujet fiscal;Autorité fiscale;Taux d'imposition;;
4;UR;Impôt sur le revenu;Tous;Canton;7,1;;
;;;;;;;
Barèmes;;;;;;;
2026;;;;;;;
Montant du diviseur;;0;;;;;
;;;;;;;
;;;;;;;
Canton-Id;Canton;Type d'impôt;Sujet fiscal;Autorité fiscale;Revenu imposable Confédération;En plus %;Montant de base CHF
23;VS;Impôt sur le revenu;Tous;Canton;0;2;0
23;VS;Impôt sur le revenu;Tous;Canton;5 000;2;0
23;VS;Impôt sur le revenu;Tous;Canton;10 000;2,8;0
23;VS;Impôt sur le revenu;Tous;Canton;20 000;4,6;0
23;VS;Impôt sur le revenu;Tous;Canton;30 000;6;0
23;VS;Impôt sur le revenu;Tous;Canton;40 000;7,4;0
23;VS;Impôt sur le revenu;Tous;Canton;50 000;8,7;0
23;VS;Impôt sur le revenu;Tous;Canton;60 000;10,2;0
23;VS;Impôt sur le revenu;Tous;Canton;70 000;11,5;0
23;VS;Impôt sur le revenu;Tous;Canton;80 000;13;0
23;VS;Impôt sur le revenu;Tous;Canton;90 000;13,3;0
23;VS;Impôt sur le revenu;Tous;Canton;100 000;13,5;0
23;VS;Impôt sur le revenu;Tous;Canton;200 000;14;0
23;VS;Impôt sur le revenu;Tous;Commune;0;2;0
23;VS;Impôt sur le revenu;Tous;Commune;5 000;2;0
23;VS;Impôt sur le revenu;Tous;Commune;10 000;2,7;0
23;VS;Impôt sur le revenu;Tous;Commune;15 000;3,6;0
23;VS;Impôt sur le revenu;Tous;Commune;20 000;4,4;0
23;VS;Impôt sur le revenu;Tous;Commune;30 000;5,8;0
23;VS;Impôt sur le revenu;Tous;Commune;40 000;6,8;0
23;VS;Impôt sur le revenu;Tous;Commune;50 000;7,5;0
23;VS;Impôt sur le revenu;Tous;Commune;60 000;8;0
23;VS;Impôt sur le revenu;Tous;Commune;80 000;8,8;0
23;VS;Impôt sur le revenu;Tous;Commune;90 000;9;0
23;VS;Impôt sur le revenu;Tous;Commune;180 000;9,9;0
23;VS;Impôt sur le revenu;Tous;Commune;200 000;10;0
;;;;;;;
;;;;;;;
Barèmes;;;;;;;
2026;;;;;;;
Montant du diviseur;;1,8;;;;;
;;;;;;;
;;;;;;;
Canton-Id;Canton;Type d'impôt;Sujet fiscal;Autorité fiscale;Revenu imposable Confédération;En plus %;Montant de base CHF
22;VD;Impôt sur le revenu;Marié(e);Canton;100;1;1
22;VD;Impôt sur le revenu;Marié(e);Canton;1 600;2;16
22;VD;Impôt sur le revenu;Marié(e);Canton;3 400;3;52
22;VD;Impôt sur le revenu;Marié(e);Canton;5 100;4;103
22;VD;Impôt sur le revenu;Marié(e);Canton;8 300;5;231
22;VD;Impôt sur le revenu;Marié(e);Canton;11 900;6;411
22;VD;Impôt sur le revenu;Marié(e);Canton;15 100;7;603
22;VD;Impôt sur le revenu;Marié(e);Canton;23 600;8;1 198
22;VD;Impôt sur le revenu;Marié(e);Canton;40 500;9;2 550
22;VD;Impôt sur le revenu;Marié(e);Canton;57 200;10;4 053
22;VD;Impôt sur le revenu;Marié(e);Canton;74 400;11;5 773
22;VD;Impôt sur le revenu;Marié(e);Canton;91 200;12;7 621
22;VD;Impôt sur le revenu;Marié(e);Canton;108 100;12,5;9 649
22;VD;Impôt sur le revenu;Marié(e);Canton;135 000;13;13 012
22;VD;Impôt sur le revenu;Marié(e);Canton;162 000;13,5;16 522
22;VD;Impôt sur le revenu;Marié(e);Canton;192 500;14;20 639
22;VD;Impôt sur le revenu;Marié(e);Canton;223 000;14,5;24 909
22;VD;Impôt sur le revenu;Marié(e);Canton;256 000;15;29 695
22;VD;Impôt sur le revenu;Marié(e);Canton;291 700;15,5;35 049
22;VD;Impôt sur le revenu;Personne vivant seule, avec / sans enfant;Canton;100;1;1
22;VD;Impôt sur le revenu;Personne vivant seule, avec / sans enfant;Canton;1 600;2;16
22;VD;Impôt sur le revenu;Personne vivant seule, avec / sans enfant;Canton;3 400;3;52
22;VD;Impôt sur le revenu;Personne vivant seule, avec / sans enfant;Canton;5 100;4;103
22;VD;Impôt sur le revenu;Personne vivant seule, avec / sans enfant;Canton;8 300;5;231
22;VD;Impôt sur le revenu;Personne vivant seule, avec / sans enfant;Canton;11 900;6;411
22;VD;Impôt sur le revenu;Personne vivant seule, avec / sans enfant;Canton;15 100;7;603
22;VD;Impôt sur le revenu;Personne vivant seule, avec / sans enfant;Canton;23 600;8;1 198
22;VD;Impôt sur le revenu;Personne vivant seule, avec / sans enfant;Canton;40 500;9;2 550
22;VD;Impôt sur le revenu;Personne vivant seule, avec / sans enfant;Canton;57 200;10;4 053
22;VD;Impôt sur le revenu;Personne vivant seule, avec / sans enfant;Canton;74 400;11;5 773
22;VD;Impôt sur le revenu;Personne vivant seule, avec / sans enfant;Canton;91 200;12;7 621
22;VD;Impôt sur le revenu;Personne vivant seule, avec / sans enfant;Canton;108 100;12,5;9 649
22;VD;Impôt sur le revenu;Personne vivant seule, avec / sans enfant;Canton;135 000;13;13 012
22;VD;Impôt sur le revenu;Personne vivant seule, avec / sans enfant;Canton;162 000;13,5;16 522
22;VD;Impôt sur le revenu;Personne vivant seule, avec / sans enfant;Canton;192 500;14;20 639
22;VD;Impôt sur le revenu;Personne vivant seule, avec / sans enfant;Canton;223 000;14,5;24 909
22;VD;Impôt sur le revenu;Personne vivant seule, avec / sans enfant;Canton;256 000;15;29 695
22;VD;Impôt sur le revenu;Personne vivant seule, avec / sans enfant;Canton;291 700;15,5;35 049
22;VD;Impôt sur le revenu;Personne vivant seule, avec enfant (en concubinage);Canton;100;1;1
22;VD;Impôt sur le revenu;Personne vivant seule, avec enfant (en concubinage);Canton;1 600;2;16
22;VD;Impôt sur le revenu;Personne vivant seule, avec enfant (en concubinage);Canton;3 400;3;52
22;VD;Impôt sur le revenu;Personne vivant seule, avec enfant (en concubinage);Canton;5 100;4;103
22;VD;Impôt sur le revenu;Personne vivant seule, avec enfant (en concubinage);Canton;8 300;5;231
22;VD;Impôt sur le revenu;Personne vivant seule, avec enfant (en concubinage);Canton;11 900;6;411
22;VD;Impôt sur le revenu;Personne vivant seule, avec enfant (en concubinage);Canton;15 100;7;603
22;VD;Impôt sur le revenu;Personne vivant seule, avec enfant (en concubinage);Canton;23 600;8;1 198
22;VD;Impôt sur le revenu;Personne vivant seule, avec enfant (en concubinage);Canton;40 500;9;2 550
22;VD;Impôt sur le revenu;Personne vivant seule, avec enfant (en concubinage);Canton;57 200;10;4 053
22;VD;Impôt sur le revenu;Personne vivant seule, avec enfant (en concubinage);Canton;74 400;11;5 773
22;VD;Impôt sur le revenu;Personne vivant seule, avec enfant (en concubinage);Canton;91 200;12;7 621
22;VD;Impôt sur le revenu;Personne vivant seule, avec enfant (en concubinage);Canton;108 100;12,5;9 649
22;VD;Impôt sur le revenu;Personne vivant seule, avec enfant (en concubinage);Canton;135 000;13;13 012
22;VD;Impôt sur le revenu;Personne vivant seule, avec enfant (en concubinage);Canton;162 000;13,5;16 522
22;VD;Impôt sur le revenu;Personne vivant seule, avec enfant (en concubinage);Canton;192 500;14;20 639
22;VD;Impôt sur le revenu;Personne vivant seule, avec enfant (en concubinage);Canton;223 000;14,5;24 909
22;VD;Impôt sur le revenu;Personne vivant seule, avec enfant (en concubinage);Canton;256 000;15;29 695
22;VD;Impôt sur le revenu;Personne vivant seule, avec enfant (en concubinage);Canton;291 700;15,5;35 049
;;;;;;;
Barèmes;;;;;;;
2026;;;;;;;
Montant du diviseur;;0;;;;;
;;;;;;;
;;;;;;;
Canton-Id;Canton;Type d'impôt;Sujet fiscal;Autorité fiscale;Revenu imposable Confédération;En plus %;Montant de base CHF
9;ZG;Impôt sur le revenu;Personne vivant seule, sans enfant;Canton;0;0,5;0
9;ZG;Impôt sur le revenu;Personne vivant seule, sans enfant;Canton;1 100;1;6
9;ZG;Impôt sur le revenu;Personne vivant seule, sans enfant;Canton;3 300;2;28
9;ZG;Impôt sur le revenu;Personne vivant seule, sans enfant;Canton;6 100;3;84
9;ZG;Impôt sur le revenu;Personne vivant seule, sans enfant;Canton;10 100;3,25;204
9;ZG;Impôt sur le revenu;Personne vivant seule, sans enfant;Canton;15 300;3,5;373
9;ZG;Impôt sur le revenu;Personne vivant seule, sans enfant;Canton;21 100;4;576
9;ZG;Impôt sur le revenu;Personne vivant seule, sans enfant;Canton;26 900;4,5;808
9;ZG;Impôt sur le revenu;Personne vivant seule, sans enfant;Canton;34 900;5,5;1 168
9;ZG;Impôt sur le revenu;Personne vivant seule, sans enfant;Canton;46 400;5,5;1 800
9;ZG;Impôt sur le revenu;Personne vivant seule, sans enfant;Canton;59 700;6,5;2 532
9;ZG;Impôt sur le revenu;Personne vivant seule, sans enfant;Canton;74 700;8;3 507
9;ZG;Impôt sur le revenu;Personne vivant seule, sans enfant;Canton;94 800;10;5 115
9;ZG;Impôt sur le revenu;Personne vivant seule, sans enfant;Canton;120 100;9;7 645
9;ZG;Impôt sur le revenu;Personne vivant seule, sans enfant;Canton;149 900;8;10 327
9;ZG;Impôt sur le revenu;Personne mariée / vivant seule, avec enfant;Canton;0;0,5;0
9;ZG;Impôt sur le revenu;Personne mariée / vivant seule, avec enfant;Canton;2 200;1;11
9;ZG;Impôt sur le revenu;Personne mariée / vivant seule, avec enfant;Canton;6 600;2;55
9;ZG;Impôt sur le revenu;Personne mariée / vivant seule, avec enfant;Canton;12 200;3;167
9;ZG;Impôt sur le revenu;Personne mariée / vivant seule, avec enfant;Canton;20 200;3,25;407
9;ZG;Impôt sur le revenu;Personne mariée / vivant seule, avec enfant;Canton;30 600;3,5;745
9;ZG;Impôt sur le revenu;Personne mariée / vivant seule, avec enfant;Canton;42 200;4;1 151
9;ZG;Impôt sur le revenu;Personne mariée / vivant seule, avec enfant;Canton;53 800;4,5;1 615
9;ZG;Impôt sur le revenu;Personne mariée / vivant seule, avec enfant;Canton;69 800;5,5;2 335
9;ZG;Impôt sur le revenu;Personne mariée / vivant seule, avec enfant;Canton;92 800;5,5;3 600
9;ZG;Impôt sur le revenu;Personne mariée / vivant seule, avec enfant;Canton;119 400;6,5;5 063
9;ZG;Impôt sur le revenu;Personne mariée / vivant seule, avec enfant;Canton;149 400;8;7 013
9;ZG;Impôt sur le revenu;Personne mariée / vivant seule, avec enfant;Canton;189 600;10;10 229
9;ZG;Impôt sur le revenu;Personne mariée / vivant seule, avec enfant;Canton;240 200;9;15 289
9;ZG;Impôt sur le revenu;Personne mariée / vivant seule, avec enfant;Canton;299 800;8;20 653
;;;;;;;
;;;;;;;
Barèmes;;;;;;;
2026;;;;;;;
Montant du diviseur;;0;;;;;
;;;;;;;
;;;;;;;
Canton-Id;Canton;Type d'impôt;Sujet fiscal;Autorité fiscale;Pour les prochains CHF;En plus %;
1;ZH;Impôt sur le revenu;Personne vivant seule, sans enfant;Canton;7 000;0;
1;ZH;Impôt sur le revenu;Personne vivant seule, sans enfant;Canton;5 000;2;
1;ZH;Impôt sur le revenu;Personne vivant seule, sans enfant;Canton;4 800;3;
1;ZH;Impôt sur le revenu;Personne vivant seule, sans enfant;Canton;8 000;4;
1;ZH;Impôt sur le revenu;Personne vivant seule, sans enfant;Canton;9 700;5;
1;ZH;Impôt sur le revenu;Personne vivant seule, sans enfant;Canton;11 200;6;
1;ZH;Impôt sur le revenu;Personne vivant seule, sans enfant;Canton;13 100;7;
1;ZH;Impôt sur le revenu;Personne vivant seule, sans enfant;Canton;17 600;8;
1;ZH;Impôt sur le revenu;Personne vivant seule, sans enfant;Canton;34 000;9;
1;ZH;Impôt sur le revenu;Personne vivant seule, sans enfant;Canton;33 700;10;
1;ZH;Impôt sur le revenu;Personne vivant seule, sans enfant;Canton;53 300;11;
1;ZH;Impôt sur le revenu;Personne vivant seule, sans enfant;Canton;69 300;12;
1;ZH;Impôt sur le revenu;Personne vivant seule, sans enfant;Canton;99 999 999;13;
1;ZH;Impôt sur le revenu;Personne mariée / vivant seule, avec enfant;Canton;14 100;0;
1;ZH;Impôt sur le revenu;Personne mariée / vivant seule, avec enfant;Canton;6 400;2;
1;ZH;Impôt sur le revenu;Personne mariée / vivant seule, avec enfant;Canton;8 100;3;
1;ZH;Impôt sur le revenu;Personne mariée / vivant seule, avec enfant;Canton;9 800;4;
1;ZH;Impôt sur le revenu;Personne mariée / vivant seule, avec enfant;Canton;11 200;5;
1;ZH;Impôt sur le revenu;Personne mariée / vivant seule, avec enfant;Canton;14 500;6;
1;ZH;Impôt sur le revenu;Personne mariée / vivant seule, avec enfant;Canton;32 200;7;
1;ZH;Impôt sur le revenu;Personne mariée / vivant seule, avec enfant;Canton;32 400;8;
1;ZH;Impôt sur le revenu;Personne mariée / vivant seule, avec enfant;Canton;48 500;9;
1;ZH;Impôt sur le revenu;Personne mariée / vivant seule, avec enfant;Canton;57 900;10;
1;ZH;Impôt sur le revenu;Personne mariée / vivant seule, avec enfant;Canton;62 900;11;
1;ZH;Impôt sur le revenu;Personne mariée / vivant seule, avec enfant;Canton;72 600;12;
1;ZH;Impôt sur le revenu;Personne mariée / vivant seule, avec enfant;Canton;99 999 999;13;
;;;;;;;
;;;;;;;
Canton-id;Canton;Diviseurs;;;;;
0;;1;;;;;
1;ZH;1;;;;;
2;BE;1;;;;;
3;LU;1;;;;;
4;UR;1;;;;;
5;SZ;1,9;;;;;
6;OW;1;;;;;
7;NW;1,85; ;;;;
8;GL;1,7;;;;;
9;ZG;1;;;;;
10;FR;2;;;;;
11;SO;1,9;;;;;
12;BS;1;;;;;
13;BL;1;;;;;
14;SH;1,9;;;;;
15;AR;1;;;;;
16;AI;2;;;;;
17;SG;2;;;;;
18;GR;1,9;;;;;
19;AG;1;;;;;
20;TG;2;;;;;
21;TI;1;;;;;
22;VD;1;;;;;
23;VS;1;;;;;
24;NE;1,923076923;;;;;
25;GE;1;;;;;
26;JU;1;;;;;
