Canton-Id;Canton;Type d'impot;Deduction;Montant;Pour cent;Minimum;Maximum
0;Confédération;Revenu;Déduction des frais de déplacement revenu principal;0;0;0;3 300
0;Confédération;Revenu;Déduction forfaitaire pour dépenses professionnelles du revenu accessoire;0;20;800;2 400
0;Confédération;Revenu;Déduction forfaitaire pour autres frais professionnels;0;3;2 000;4 000
0;Confédération;Revenu;Déduction forfaitaire pour les frais d'entretien des biens immobiliers jusqu'à 10 ans;0;10;0;0
0;Confédération;Revenu;Déduction forfaitaire des frais d'entretien pour les immeubles de plus de 10 ans;0;20;0;0
0;Confédération;Revenu;Déduction des primes d'assurance et des intérêts de l'épargne, personnes mariées avec cotisations pilier 2/3a;0;0;0;3 700
0;Confédération;Revenu;Déduction des primes d'assurance et des intérêts de l'épargne, personnes mariées sans cotisations pilier 2/3a;0;0;0;5 550
0;Confédération;Revenu;Déduction des primes d'assurance et des intérêts de l'épargne, personnes célibataires avec cotisations pilier 2/3a;0;0;0;1 800
0;Confédération;Revenu;Déduction des primes d'assurance et des intérêts de l'épargne, personnes célibataires sans cotisations pilier 2/3a;0;0;0;2 700
0;Confédération;Revenu;Déduction des primes d'assurance et des intérêts de l'épargne, enfant;0;0;0;700
0;Confédération;Revenu;Déduction pour couple à deux revenus;0;50;8 600;14 100
0;Confédération;Revenu;Déduction des frais de garde des enfants par des tiers;0;0;0;25 800
0;Confédération;Revenu;Déduction pour enfants;6 800;0;0;0
0;Confédération;Revenu;Déduction pour personnes mariées;2 800;0;0;0
0;Confédération;Revenu;Déduction maximale pilier 3a avec solution de prévoyance;0;0;0;7 258
0;Confédération;Revenu;Déduction maximale pilier 3a sans solution de prévoyance;0;0;0;36 288
0;Confédération;Revenu;Taux d'intérêt technique maximal Prime unique en CHF FINMA;0;350;0;0
0;Confédération;Revenu;Déduction des frais supplémentaires de repas sans subvention;0;0;0;3 200
0;Confédération;Revenu;Déduction des frais supplémentaires de repas avec subvention;0;0;0;1 600
1;ZH;Revenu;Déduction des frais de déplacement revenu principal;0;0;0;5 200
1;ZH;Revenu;Déduction forfaitaire pour dépenses professionnelles du revenu accessoire;0;20;800;2 400
1;ZH;Revenu;Déduction forfaitaire pour autres frais professionnels;0;3;2 000;4 000
1;ZH;Revenu;Déduction forfaitaire pour les frais d'entretien des biens immobiliers jusqu'à 10 ans;0;20;0;0
1;ZH;Revenu;Déduction forfaitaire des frais d'entretien pour les immeubles de plus de 10 ans;0;20;0;0
1;ZH;Revenu;Déduction des primes d'assurance et des intérêts de l'épargne, personnes mariées avec cotisations pilier 2/3a;0;0;0;5 800
1;ZH;Revenu;Déduction des primes d'assurance et des intérêts de l'épargne, personnes mariées sans cotisations pilier 2/3a;0;0;0;8 700
1;ZH;Revenu;Déduction des primes d'assurance et des intérêts de l'épargne, personnes célibataires avec cotisations pilier 2/3a;0;0;0;2 900
1;ZH;Revenu;Déduction des primes d'assurance et des intérêts de l'épargne, personnes célibataires sans cotisations pilier 2/3a;0;0;0;4 350
1;ZH;Revenu;Déduction des primes d'assurance et des intérêts de l'épargne, enfant;0;0;0;1 300
1;ZH;Revenu;Déduction pour couple à deux revenus;0;0;0;6 100
1;ZH;Revenu;Déduction pour frais de gestion de fortune;0;0,3;0;6 000
1;ZH;Revenu;Déduction des frais de garde des enfants par des tiers;0;0;0;25 000
1;ZH;Revenu;Déduction pour enfants;9 300;0;0;0
1;ZH;Revenu;Déduction maximale pilier 3a avec solution de prévoyance;0;0;0;7 258
1;ZH;Revenu;Déduction maximale pilier 3a sans solution de prévoyance;0;0;0;36 288
1;ZH;Revenu;Taux d'intérêt technique maximal Prime unique en CHF FINMA;0;350;0;0
1;ZH;Revenu;Déduction des frais supplémentaires de repas sans subvention;0;0;0;3 200
1;ZH;Revenu;Déduction des frais supplémentaires de repas avec subvention;0;0;0;1 600
2;BE;Revenu;Déduction des frais de déplacement revenu principal;0;0;0;7 000
2;BE;Revenu;Déduction forfaitaire pour dépenses professionnelles du revenu accessoire;0;20;800;2 400
2;BE;Revenu;Déduction forfaitaire pour autres frais professionnels;0;3;2 000;4 000
2;BE;Revenu;Déduction forfaitaire pour les frais d'entretien des biens immobiliers jusqu'à 10 ans;0;10;0;0
2;BE;Revenu;Déduction forfaitaire des frais d'entretien pour les immeubles de plus de 10 ans;0;20;0;0
2;BE;Revenu;Déduction des primes d'assurance et des intérêts de l'épargne, personnes mariées avec cotisations pilier 2/3a;0;0;0;4 900
2;BE;Revenu;Déduction des primes d'assurance et des intérêts de l'épargne, personnes mariées sans cotisations pilier 2/3a;0;0;0;7 200
2;BE;Revenu;Déduction des primes d'assurance et des intérêts de l'épargne, personnes célibataires avec cotisations pilier 2/3a;0;0;0;2 450
2;BE;Revenu;Déduction des primes d'assurance et des intérêts de l'épargne, personnes célibataires sans cotisations pilier 2/3a;0;0;0;3 600
2;BE;Revenu;Déduction des primes d'assurance et des intérêts de l'épargne, enfant;0;0;0;700
2;BE;Revenu;Déduction pour couple à deux revenus;0;2;0;9 500
2;BE;Revenu;Déduction des frais de garde des enfants par des tiers;0;0;0;16 000
2;BE;Revenu;Déduction pour frais de formation des enfants, éducation externe;0;0;0;6 400
2;BE;Revenu;Déduction pour enfants;8 300;0;0;0
2;BE;Revenu;Déduction pour les personnes célibataires avec enfants;1 300;0;0;0
2;BE;Revenu;Déduction pour personnes mariées;5 300;0;0;0
2;BE;Revenu;Déduction pour contribuables célibataires;5 300;0;0;0
2;BE;Revenu;Déduction sociale supplémentaire;5 300;0;0;0
2;BE;Revenu;Déduction pour célibataire avec propre ménage;2 400;0;0;0
2;BE;Revenu;déduction sociale revenus modestes célibataire;1 100;0;0;0
2;BE;Revenu;déduction sociale revenus modestes marié;2 200;0;0;0
2;BE;Revenu;déduction sociale revenus modestes enfant;600;0;0;0
2;BE;Revenu;Déduction maximale pilier 3a avec solution de prévoyance;0;0;0;7 258
2;BE;Revenu;Déduction maximale pilier 3a sans solution de prévoyance;0;0;0;36 288
2;BE;Revenu;Taux d'intérêt technique maximal Prime unique en CHF FINMA;0;350;0;0
2;BE;Revenu;Déduction des frais supplémentaires de repas sans subvention;0;0;0;3 200
2;BE;Revenu;Déduction des frais supplémentaires de repas avec subvention;0;0;0;1 600
3;LU;Revenu;Déduction des frais de déplacement revenu principal;0;0;0;6 500
3;LU;Revenu;Déduction forfaitaire pour dépenses professionnelles du revenu accessoire;0;20;800;2 400
3;LU;Revenu;Déduction forfaitaire pour autres frais professionnels;0;3;2 000;4 000
3;LU;Revenu;Déduction de la valeur locative imputée;0;30;0;0
3;LU;Revenu;Déduction forfaitaire pour les frais d'entretien des biens immobiliers jusqu'à 10 ans;0;10;0;0
3;LU;Revenu;Déduction forfaitaire des frais d'entretien pour les immeubles de plus de 10 ans;0;20;0;0
3;LU;Revenu;Déduction des primes d'assurance et des intérêts de l'épargne, personnes mariées avec cotisations pilier 2/3a;0;0;0;5 200
3;LU;Revenu;Déduction des primes d'assurance et des intérêts de l'épargne, personnes mariées sans cotisations pilier 2/3a;0;0;0;6 700
3;LU;Revenu;Déduction des primes d'assurance et des intérêts de l'épargne, personnes célibataires avec cotisations pilier 2/3a;0;0;0;2 600
3;LU;Revenu;Déduction des primes d'assurance et des intérêts de l'épargne, personnes célibataires sans cotisations pilier 2/3a;0;0;0;3 300
3;LU;Revenu;Déduction des primes d'assurance et des intérêts de l'épargne, enfant;0;0;0;700
3;LU;Revenu;Déduction pour couple à deux revenus;0;0;0;5 000
3;LU;Revenu;Déduction des frais de garde des enfants par des tiers;0;0;0;18 000
3;LU;Revenu;Déduction pour propres enfants à charge;2 000;0;0;0
3;LU;Revenu;Déduction pour frais de formation des enfants, éducation externe;13 200;0;0;0
3;LU;Revenu;Déduction pour enfants;8 000;0;0;0
3;LU;Revenu;Déduction pour personne seule Valeur seuil;50 000;0;0;0
3;LU;Revenu;Déduction fiscale pour les personnes mariées Valeur seuil;80 000;0;0;0
3;LU;Revenu;déduction sociale revenus modestes;0;14;0;0
3;LU;Revenu;Déduction maximale pilier 3a avec solution de prévoyance;0;0;0;7 258
3;LU;Revenu;Déduction maximale pilier 3a sans solution de prévoyance;0;0;0;36 288
3;LU;Revenu;Taux d'intérêt technique maximal Prime unique en CHF FINMA;0;350;0;0
3;LU;Revenu;Déduction des frais supplémentaires de repas sans subvention;0;0;0;3 200
3;LU;Revenu;Déduction des frais supplémentaires de repas avec subvention;0;0;0;1 600
4;UR;Revenu;Déduction des frais de déplacement revenu principal;0;0;0;13 000
4;UR;Revenu;Déduction forfaitaire pour dépenses professionnelles du revenu accessoire;0;20;800;2 400
4;UR;Revenu;Déduction forfaitaire pour autres frais professionnels;0;3;2 000;4 000
4;UR;Revenu;Déduction de la valeur locative imputée;0;25;0;7 900
4;UR;Revenu;Déduction forfaitaire pour les frais d'entretien des biens immobiliers jusqu'à 10 ans;0;10;0;0
4;UR;Revenu;Déduction forfaitaire des frais d'entretien pour les immeubles de plus de 10 ans;0;20;0;0
4;UR;Revenu;Déduction des primes d'assurance et des intérêts de l'épargne, personnes mariées avec cotisations pilier 2/3a;0;0;0;3 700
4;UR;Revenu;Déduction des primes d'assurance et des intérêts de l'épargne, personnes mariées sans cotisations pilier 2/3a;0;0;0;5 550
4;UR;Revenu;Déduction des primes d'assurance et des intérêts de l'épargne, personnes célibataires avec cotisations pilier 2/3a;0;0;0;1 800
4;UR;Revenu;Déduction des primes d'assurance et des intérêts de l'épargne, personnes célibataires sans cotisations pilier 2/3a;0;0;0;2 700
4;UR;Revenu;Déduction des primes d'assurance et des intérêts de l'épargne, enfant;0;0;0;700
4;UR;Revenu;Déduction pour couple à deux revenus;0;0;0;3 700
4;UR;Revenu;Déduction pour frais de gestion de fortune;0;0,3;0;5 000
4;UR;Revenu;Déduction des frais de garde des enfants par des tiers;0;0;0;25 800
4;UR;Revenu;Déduction pour frais de formation des enfants, éducation externe avec séjour hebdomadaire;0;0;0;13 500
4;UR;Revenu;Déduction pour frais de formation des enfants, éducation externe sans séjour hebdomadaire;0;0;0;4 500
4;UR;Revenu;Déduction pour enfants;8 500;0;0;0
4;UR;Revenu;Déduction pour les enfants adultes;3 200;0;0;0
4;UR;Revenu;Déduction pour personnes mariées;26 900;0;0;0
4;UR;Revenu;Déduction pour famille monoparentale;21 200;0;0;0
4;UR;Revenu;Déduction pour contribuables célibataires;15 300;0;0;0
4;UR;Revenu;Déduction maximale pilier 3a avec solution de prévoyance;0;0;0;7 258
4;UR;Revenu;Déduction maximale pilier 3a sans solution de prévoyance;0;0;0;36 288
4;UR;Revenu;Taux d'intérêt technique maximal Prime unique en CHF FINMA;0;350;0;0
4;UR;Revenu;Déduction des frais supplémentaires de repas sans subvention;0;0;0;3 200
4;UR;Revenu;Déduction des frais supplémentaires de repas avec subvention;0;0;0;1 600
5;SZ;Revenu;Déduction des frais de déplacement revenu principal;0;0;0;8 000
5;SZ;Revenu;Déduction forfaitaire pour autres frais professionnels;0;20;0;6 900
5;SZ;Revenu;Déduction forfaitaire pour les frais d'entretien des biens immobiliers jusqu'à 10 ans;0;10;0;0
5;SZ;Revenu;Déduction forfaitaire des frais d'entretien pour les immeubles de plus de 10 ans;0;20;0;0
5;SZ;Revenu;Déduction des primes d'assurance et des intérêts de l'épargne, personnes mariées avec cotisations pilier 2/3a;0;0;0;6 400
5;SZ;Revenu;Déduction des primes d'assurance et des intérêts de l'épargne, personnes mariées sans cotisations pilier 2/3a;0;0;0;9 600
5;SZ;Revenu;Déduction des primes d'assurance et des intérêts de l'épargne, personnes célibataires avec cotisations pilier 2/3a;0;0;0;3 200
5;SZ;Revenu;Déduction des primes d'assurance et des intérêts de l'épargne, personnes célibataires sans cotisations pilier 2/3a;0;0;0;4 800
5;SZ;Revenu;Déduction des primes d'assurance et des intérêts de l'épargne, enfant;0;0;0;400
5;SZ;Revenu;Déduction pour couple à deux revenus;0;0;0;2 100
5;SZ;Revenu;Déduction pour frais de gestion de fortune;0;0,3;0;6 000
5;SZ;Revenu;Déduction des frais de garde des enfants par des tiers;0;0;0;6 000
5;SZ;Revenu;Déduction pour les enfants mineurs;9 000;0;0;0
5;SZ;Revenu;Déduction pour les enfants adultes;11 000;0;0;0
5;SZ;Revenu;Déduction pour personnes mariées;6 400;0;0;0
5;SZ;Revenu;Déduction pour famille monoparentale;6 300;0;0;0
5;SZ;Revenu;Déduction pour contribuables célibataires;3 200;0;0;0
5;SZ;Revenu;Déduction pour rentiers AVS ou AI;4 000;0;0;0
5;SZ;Revenu;Déduction pour personne seule Valeur seuil;35 000;0;0;0
5;SZ;Revenu;Déduction fiscale pour les personnes mariées Valeur seuil;70 000;0;0;0
5;SZ;Revenu;Déduction de l'enfant Valeur seuil;25 000;0;0;0
5;SZ;Revenu;Déduction maximale pilier 3a avec solution de prévoyance;0;0;0;7 258
5;SZ;Revenu;Déduction maximale pilier 3a sans solution de prévoyance;0;0;0;36 288
5;SZ;Revenu;Taux d'intérêt technique maximal Prime unique en CHF FINMA;0;350;0;0
5;SZ;Revenu;Déduction des frais supplémentaires de repas sans subvention;0;0;0;3 200
5;SZ;Revenu;Déduction des frais supplémentaires de repas avec subvention;0;0;0;1 600
6;OW;Revenu;Déduction des frais de déplacement revenu principal;0;0;0;10 000
6;OW;Revenu;Déduction forfaitaire pour dépenses professionnelles du revenu accessoire;0;20;800;2 400
6;OW;Revenu;Déduction forfaitaire pour autres frais professionnels;0;3;2 000;4 000
6;OW;Revenu;Déduction forfaitaire pour les frais d'entretien des biens immobiliers jusqu'à 10 ans;0;10;0;0
6;OW;Revenu;Déduction forfaitaire des frais d'entretien pour les immeubles de plus de 10 ans;0;20;0;0
6;OW;Revenu;Déduction des primes d'assurance et des intérêts de l'épargne, personnes mariées avec cotisations pilier 2/3a;0;0;0;3 300
6;OW;Revenu;Déduction des primes d'assurance et des intérêts de l'épargne, personnes mariées sans cotisations pilier 2/3a;0;0;0;4 950
6;OW;Revenu;Déduction des primes d'assurance et des intérêts de l'épargne, personnes célibataires avec cotisations pilier 2/3a;0;0;0;1 700
6;OW;Revenu;Déduction des primes d'assurance et des intérêts de l'épargne, personnes célibataires sans cotisations pilier 2/3a;0;0;0;2 550
6;OW;Revenu;Déduction des primes d'assurance et des intérêts de l'épargne, enfant;0;0;0;700
6;OW;Revenu;Déduction pour couple à deux revenus;0;0;0;3 400
6;OW;Revenu;Déduction pour frais de gestion de fortune;0;0,3;0;6 000
6;OW;Revenu;Déduction des frais de garde des enfants par des tiers;0;0;0;10 000
6;OW;Revenu;Déduction pour frais de formation des enfants, éducation externe;5 100;0;0;0
6;OW;Revenu;Déduction pour enfants;6 200;0;0;0
6;OW;Revenu;Déduction pour le soutien des enfants majeurs;2 400;0;0;0
6;OW;Revenu;Déduction pour personnes mariées;0;20;4 300;10 000
6;OW;Revenu;Déduction pour famille monoparentale;0;20;4 300;10 000
6;OW;Revenu;Déduction sociale supplémentaire;10 000;0;0;0
6;OW;Revenu;Déduction maximale pilier 3a avec solution de prévoyance;0;0;0;7 258
6;OW;Revenu;Déduction maximale pilier 3a sans solution de prévoyance;0;0;0;36 288
6;OW;Revenu;Taux d'intérêt technique maximal Prime unique en CHF FINMA;0;350;0;0
6;OW;Revenu;Déduction des frais supplémentaires de repas sans subvention;0;0;0;3 200
6;OW;Revenu;Déduction des frais supplémentaires de repas avec subvention;0;0;0;1 600
7;NW;Revenu;Déduction des frais de déplacement revenu principal;0;0;0;6 000
7;NW;Revenu;Déduction forfaitaire pour dépenses professionnelles du revenu accessoire;0;20;800;2 400
7;NW;Revenu;Déduction forfaitaire pour autres frais professionnels;0;5;0;7 000
7;NW;Revenu;Déduction de la valeur locative imputée;0;40;0;0
7;NW;Revenu;Déduction forfaitaire pour les frais d'entretien des biens immobiliers jusqu'à 10 ans;0;10;0;0
7;NW;Revenu;Déduction forfaitaire des frais d'entretien pour les immeubles de plus de 10 ans;0;20;0;0
7;NW;Revenu;Déduction des primes d'assurance et des intérêts de l'épargne, personnes mariées avec cotisations pilier 2/3a;0;0;0;3 700
7;NW;Revenu;Déduction des primes d'assurance et des intérêts de l'épargne, personnes mariées sans cotisations pilier 2/3a;0;0;0;5 550
7;NW;Revenu;Déduction des primes d'assurance et des intérêts de l'épargne, personnes célibataires avec cotisations pilier 2/3a;0;0;0;1 800
7;NW;Revenu;Déduction des primes d'assurance et des intérêts de l'épargne, personnes célibataires sans cotisations pilier 2/3a;0;0;0;2 700
7;NW;Revenu;Déduction des primes d'assurance et des intérêts de l'épargne, enfant;0;0;0;700
7;NW;Revenu;Déduction pour couple à deux revenus;0;0;0;1 200
7;NW;Revenu;Déduction pour frais de gestion de fortune;0;0,3;0;9 000
7;NW;Revenu;Déduction des frais de garde des enfants par des tiers;0;0;0;8 100
7;NW;Revenu;Déduction pour propres enfants à charge;3 100;0;0;0
7;NW;Revenu;Déduction pour frais de formation des enfants, éducation externe avec séjour hebdomadaire du premier enfant;5 600;0;0;0
7;NW;Revenu;Déduction pour frais de formation des enfants, éducation externe avec séjour hebdomadaire à partir du 2ème enfant;7 800;0;0;0
7;NW;Revenu;Déduction pour frais de formation des enfants, éducation externe sans séjour hebdomadaire hors du canton;1 700;0;0;0
7;NW;Revenu;Déduction pour enfants;6 400;0;0;0
7;NW;Revenu;Déduction pour les personnes seules de plus de 65 ans;0;0;0;3 900
7;NW;Revenu;Déduction maximale pilier 3a avec solution de prévoyance;0;0;0;7 258
7;NW;Revenu;Déduction maximale pilier 3a sans solution de prévoyance;0;0;0;36 288
7;NW;Revenu;Taux d'intérêt technique maximal Prime unique en CHF FINMA;0;350;0;0
7;NW;Revenu;Déduction des frais supplémentaires de repas sans subvention;0;0;0;3 200
7;NW;Revenu;Déduction des frais supplémentaires de repas avec subvention;0;0;0;1 600
8;GL;Revenu;Déduction forfaitaire pour dépenses professionnelles du revenu accessoire;0;20;800;2 400
8;GL;Revenu;Déduction forfaitaire pour autres frais professionnels;0;3;2 000;4 000
8;GL;Revenu;Déduction forfaitaire pour les frais d'entretien des biens immobiliers jusqu'à 10 ans;0;10;0;0
8;GL;Revenu;Déduction forfaitaire des frais d'entretien pour les immeubles de plus de 10 ans;0;20;0;0
8;GL;Revenu;Déduction des primes d'assurance et des intérêts de l'épargne, personnes mariées avec cotisations pilier 2/3a;0;0;0;6 200
8;GL;Revenu;Déduction des primes d'assurance et des intérêts de l'épargne, personnes mariées sans cotisations pilier 2/3a;0;0;0;9 300
8;GL;Revenu;Déduction des primes d'assurance et des intérêts de l'épargne, personnes célibataires avec cotisations pilier 2/3a;0;0;0;3 100
8;GL;Revenu;Déduction des primes d'assurance et des intérêts de l'épargne, personnes célibataires sans cotisations pilier 2/3a;0;0;0;4 650
8;GL;Revenu;Déduction des primes d'assurance et des intérêts de l'épargne, enfant;0;0;0;1 000
8;GL;Revenu;Déduction pour couple à deux revenus;0;10;3 600;10 300
8;GL;Revenu;Déduction pour frais de gestion de fortune;0;0,2;0;6 000
8;GL;Revenu;Déduction des frais de garde des enfants par des tiers;0;0;0;25 800
8;GL;Revenu;Déduction pour frais de formation des enfants, éducation externe;7 200;0;0;0
8;GL;Revenu;Déduction pour enfants;7 200;0;0;0
8;GL;Revenu;Déduction pour rentiers AVS ou AI;2 100;0;0;0
8;GL;Revenu;Déduction maximale pilier 3a avec solution de prévoyance;0;0;0;7 258
8;GL;Revenu;Déduction maximale pilier 3a sans solution de prévoyance;0;0;0;36 288
8;GL;Revenu;Taux d'intérêt technique maximal Prime unique en CHF FINMA;0;350;0;0
8;GL;Revenu;Déduction des frais supplémentaires de repas sans subvention;0;0;0;3 200
8;GL;Revenu;Déduction des frais supplémentaires de repas avec subvention;0;0;0;1 600
9;ZG;Revenu;Déduction des frais de déplacement revenu principal;0;0;0;6 000
9;ZG;Revenu;Déduction forfaitaire pour dépenses professionnelles du revenu accessoire;0;20;800;2 400
9;ZG;Revenu;Déduction forfaitaire pour autres frais professionnels;0;3;2 000;4 000
9;ZG;Revenu;Déduction forfaitaire pour les frais d'entretien des biens immobiliers jusqu'à 10 ans;0;10;0;0
9;ZG;Revenu;Déduction forfaitaire des frais d'entretien pour les immeubles de plus de 10 ans;0;20;0;0
9;ZG;Revenu;Déduction des primes d'assurance et des intérêts de l'épargne, personnes mariées avec cotisations pilier 2/3a;0;0;0;7 000
9;ZG;Revenu;Déduction des primes d'assurance et des intérêts de l'épargne, personnes mariées sans cotisations pilier 2/3a;0;0;0;10 500
9;ZG;Revenu;Déduction des primes d'assurance et des intérêts de l'épargne, personnes célibataires avec cotisations pilier 2/3a;0;0;0;3 500
9;ZG;Revenu;Déduction des primes d'assurance et des intérêts de l'épargne, personnes célibataires sans cotisations pilier 2/3a;0;0;0;5 300
9;ZG;Revenu;Déduction des primes d'assurance et des intérêts de l'épargne, enfant;0;0;0;1 100
9;ZG;Revenu;Déduction pour couple à deux revenus;0;0;0;4 600
9;ZG;Revenu;Déduction pour frais de gestion de fortune;0;0,3;0;9 000
9;ZG;Revenu;Déduction des frais de garde des enfants par des tiers;0;0;0;25 400
9;ZG;Revenu;Déduction pour propres enfants à charge;12 200;0;0;0
9;ZG;Revenu;Déduction pour enfant, âge inférieur à 15 ans;12 600;0;0;0
9;ZG;Revenu;Déduction pour enfant de plus de 14 ans;24 800;0;0;0
9;ZG;Revenu;Déduction pour personnes mariées;24 000;0;0;0
9;ZG;Revenu;Déduction pour famille monoparentale;24 000;0;0;0
9;ZG;Revenu;Déduction pour contribuables célibataires;12 000;0;0;0
9;ZG;Revenu;Déduction maximale du loyer ;0;0;0;10 800
9;ZG;Revenu;Déduction sociale fortune modeste retraité revenu moyen;3 400;0;0;0
9;ZG;Revenu;Déduction sociale fortune modeste retraité revenu faible;1 700;0;0;0
9;ZG;Revenu;Déduction maximale pilier 3a avec solution de prévoyance;0;0;0;7 258
9;ZG;Revenu;Déduction maximale pilier 3a sans solution de prévoyance;0;0;0;36 288
9;ZG;Revenu;Taux d'intérêt technique maximal Prime unique en CHF FINMA;0;350;0;0
9;ZG;Revenu;Déduction des frais supplémentaires de repas sans subvention;0;0;0;3 200
9;ZG;Revenu;Déduction des frais supplémentaires de repas avec subvention;0;0;0;1 600
10;FR;Revenu;Déduction des frais de déplacement revenu principal;0;0;0;12 000
10;FR;Revenu;Déduction forfaitaire pour dépenses professionnelles du revenu accessoire;0;20;800;2 400
10;FR;Revenu;Déduction forfaitaire pour autres frais professionnels;0;3;2 000;4 000
10;FR;Revenu;Déduction forfaitaire pour les frais d'entretien des biens immobiliers jusqu'à 10 ans;0;10;0;0
10;FR;Revenu;Déduction forfaitaire des frais d'entretien pour les immeubles de plus de 10 ans;0;20;0;0
10;FR;Revenu;Déduction des primes d'assurance maladie, personnes mariées;0;0;0;9 620
10;FR;Revenu;Déduction des primes d'assurance maladie, personnes célibataires;0;0;0;4 810
10;FR;Revenu;Déduction des primes d'assurance maladie, enfant mineur;0;0;0;1 140
10;FR;Revenu;Déduction des primes d'assurance maladie, jeunes adultes en formation;0;0;0;4 210
10;FR;Revenu;Déduction des intérêts de capitaux d'épargne, personnes mariées;0;0;0;300
10;FR;Revenu;Déduction des intérêts de capitaux d'épargne, personnes célibataires;0;0;0;150
10;FR;Revenu;Déduction pour les assurances privées, personnes mariées;0;0;0;1 500
10;FR;Revenu;Déduction pour les assurances privées, personnes célibataires;0;0;0;750
10;FR;Revenu;Déduction pour couple à deux revenus;0;0;0;500
10;FR;Revenu;Déduction des frais de garde des enfants par des tiers;0;0;0;12 000
10;FR;Revenu;Déduction pour enfant, 1er et 2ème enfant;0;0;7 100;8 600
10;FR;Revenu;Déduction enfants dès 3 enfants;0;0;8 100;9 600
10;FR;Revenu;Déduction maximale pilier 3a avec solution de prévoyance;0;0;0;7 258
10;FR;Revenu;Déduction maximale pilier 3a sans solution de prévoyance;0;0;0;36 288
10;FR;Revenu;Taux d'intérêt technique maximal Prime unique en CHF FINMA;0;350;0;0
10;FR;Revenu;Déduction des frais supplémentaires de repas sans subvention;0;0;0;3 200
10;FR;Revenu;Déduction des frais supplémentaires de repas avec subvention;0;0;0;1 600
11;SO;Revenu;Déduction des frais de déplacement revenu principal;0;0;0;7 000
11;SO;Revenu;Déduction forfaitaire pour dépenses professionnelles du revenu accessoire;0;20;800;2 400
11;SO;Revenu;Déduction forfaitaire pour autres frais professionnels;0;3;2 000;4 000
11;SO;Revenu;Déduction forfaitaire pour les frais d'entretien des biens immobiliers jusqu'à 10 ans;0;10;0;0
11;SO;Revenu;Déduction forfaitaire des frais d'entretien pour les immeubles de plus de 10 ans;0;20;0;0
11;SO;Revenu;Déduction des primes d'assurance et des intérêts de l'épargne, personnes mariées avec cotisations pilier 2/3a;0;0;0;5 000
11;SO;Revenu;Déduction des primes d'assurance et des intérêts de l'épargne, personnes mariées sans cotisations pilier 2/3a;0;0;0;7 500
11;SO;Revenu;Déduction des primes d'assurance et des intérêts de l'épargne, personnes célibataires avec cotisations pilier 2/3a;0;0;0;2 500
11;SO;Revenu;Déduction des primes d'assurance et des intérêts de l'épargne, personnes célibataires sans cotisations pilier 2/3a;0;0;0;3 750
11;SO;Revenu;Déduction des primes d'assurance et des intérêts de l'épargne, enfant, avec cotisations pilier 2/3a;0;0;0;650
11;SO;Revenu;Déduction des primes d'assurance et des intérêts de l'épargne, enfant, avec cotisations pilier 2/3a;0;0;0;975
11;SO;Revenu;Déduction pour couple à deux revenus;0;0;0;1 000
11;SO;Revenu;Déduction des frais de garde des enfants par des tiers;0;0;0;25 000
11;SO;Revenu;Déduction pour enfants;9 000;0;0;0
11;SO;Revenu;Déduction pour rentiers AVS ou AI;5 000;0;0;0
11;SO;Revenu;Déduction maximale pilier 3a avec solution de prévoyance;0;0;0;7 258
11;SO;Revenu;Déduction maximale pilier 3a sans solution de prévoyance;0;0;0;36 288
11;SO;Revenu;Taux d'intérêt technique maximal Prime unique en CHF FINMA;0;350;0;0
11;SO;Revenu;Déduction des frais supplémentaires de repas sans subvention;0;0;0;3 200
11;SO;Revenu;Déduction des frais supplémentaires de repas avec subvention;0;0;0;1 600
12;BS;Revenu;Déduction des frais de déplacement revenu principal;0;0;0;3 200
12;BS;Revenu;Déduction forfaitaire pour dépenses professionnelles du revenu accessoire;0;0;0;800
12;BS;Revenu;Déduction forfaitaire pour autres frais professionnels;0;0;0;4 200
12;BS;Revenu;Déduction forfaitaire pour les frais d'entretien des biens immobiliers jusqu'à 10 ans;0;10;0;0
12;BS;Revenu;Déduction forfaitaire des frais d'entretien pour les immeubles de plus de 10 ans;0;20;0;0
12;BS;Revenu;Déduction des primes d'assurance et des intérêts de l'épargne, personnes mariées avec cotisations pilier 2/3a;0;0;0;8 400
12;BS;Revenu;Déduction des primes d'assurance et des intérêts de l'épargne, personnes mariées sans cotisations pilier 2/3a;0;0;0;8 400
12;BS;Revenu;Déduction des primes d'assurance et des intérêts de l'épargne, personnes célibataires avec cotisations pilier 2/3a;0;0;0;4 200
12;BS;Revenu;Déduction des primes d'assurance et des intérêts de l'épargne, personnes célibataires sans cotisations pilier 2/3a;0;0;0;4 200
12;BS;Revenu;Déduction pour couple à deux revenus;0;0;0;1 100
12;BS;Revenu;Déduction des frais de garde des enfants par des tiers;0;0;0;26 000
12;BS;Revenu;Déduction pour enfants;9 000;0;0;0
12;BS;Revenu;Déduction pour enfants majeurs en dehors de la maison;5 800;0;0;0
12;BS;Revenu;Déduction pour personnes mariées;38 000;0;0;0
12;BS;Revenu;Déduction pour famille monoparentale;32 600;0;0;0
12;BS;Revenu;Déduction pour contribuables célibataires;19 500;0;0;0
12;BS;Revenu;Déduction pour les rentiers AVS/AI célibataires sans enfants à charge;3 500;0;0;0
12;BS;Revenu;Déduction maximale pilier 3a avec solution de prévoyance;0;0;0;7 258
12;BS;Revenu;Déduction maximale pilier 3a sans solution de prévoyance;0;0;0;36 288
12;BS;Revenu;Taux d'intérêt technique maximal Prime unique en CHF FINMA;0;350;0;0
12;BS;Revenu;Déduction des frais supplémentaires de repas sans subvention;0;0;0;3 200
12;BS;Revenu;Déduction des frais supplémentaires de repas avec subvention;0;0;0;1 600
13;BL;Revenu;Déduction des frais de déplacement revenu principal;0;0;0;6 000
13;BL;Revenu;Déduction forfaitaire pour dépenses professionnelles du revenu accessoire;0;20;800;2 400
13;BL;Revenu;Déduction forfaitaire pour autres frais professionnels;0;0;0;500
13;BL;Revenu;Déduction forfaitaire pour les frais d'entretien des biens immobiliers jusqu'à 10 ans;0;20;0;0
13;BL;Revenu;Déduction forfaitaire des frais d'entretien pour les immeubles de plus de 10 ans;0;25;0;0
13;BL;Revenu;Déduction des primes d'assurance et des intérêts de l'épargne, personnes mariées avec cotisations pilier 2/3a;0;0;0;4 000
13;BL;Revenu;Déduction des primes d'assurance et des intérêts de l'épargne, personnes mariées sans cotisations pilier 2/3a;0;0;0;4 000
13;BL;Revenu;Déduction des primes d'assurance et des intérêts de l'épargne, personnes célibataires avec cotisations pilier 2/3a;0;0;0;2 000
13;BL;Revenu;Déduction des primes d'assurance et des intérêts de l'épargne, personnes célibataires sans cotisations pilier 2/3a;0;0;0;2 000
13;BL;Revenu;Déduction des primes d'assurance et des intérêts de l'épargne, enfant;0;0;0;450
13;BL;Revenu;Déduction pour couple à deux revenus;0;0;0;1 000
13;BL;Revenu;Déduction des frais de garde des enfants par des tiers;0;0;0;10 000
13;BL;Revenu;Déduction pour enfants majeurs en dehors de la maison;2 000;0;0;0
13;BL;Revenu;Déduction pour les rentiers AVS/AI célibataires sans enfants à charge;0;40;0;0
13;BL;Revenu;Déduction pour rentiers AVS ou AI;0;60;0;0
13;BL;Revenu;Steuerermässigung pro Kind;750;0;0;0
13;BL;Revenu;Valeur seuil pour la déduction des rentiers AVS/AI célibataires, isolés sans enfant;30 240;0;0;0
13;BL;Revenu;Valeur seuil pour la déduction des rentiers AVS/AI;45 360;0;0;0
13;BL;Revenu;Déduction maximale pilier 3a avec solution de prévoyance;0;0;0;7 258
13;BL;Revenu;Déduction maximale pilier 3a sans solution de prévoyance;0;0;0;36 288
13;BL;Revenu;Taux d'intérêt technique maximal Prime unique en CHF FINMA;0;350;0;0
13;BL;Revenu;Déduction des frais supplémentaires de repas sans subvention;0;0;0;3 200
13;BL;Revenu;Déduction des frais supplémentaires de repas avec subvention;0;0;0;1 600
14;SH;Revenu;Déduction des frais de déplacement revenu principal;0;0;0;6 000
14;SH;Revenu;Déduction forfaitaire pour dépenses professionnelles du revenu accessoire;0;20;800;2 400
14;SH;Revenu;Déduction forfaitaire pour autres frais professionnels;0;3;2 000;4 000
14;SH;Revenu;Déduction forfaitaire pour les frais d'entretien des biens immobiliers jusqu'à 10 ans;0;15;0;0
14;SH;Revenu;Déduction forfaitaire des frais d'entretien pour les immeubles de plus de 10 ans;0;25;0;0
14;SH;Revenu;Déduction des primes d'assurance et des intérêts de l'épargne, personnes mariées avec cotisations pilier 2/3a;0;0;0;7 500
14;SH;Revenu;Déduction des primes d'assurance et des intérêts de l'épargne, personnes mariées sans cotisations pilier 2/3a;0;0;0;7 500
14;SH;Revenu;Déduction des primes d'assurance et des intérêts de l'épargne, personnes célibataires avec cotisations pilier 2/3a;0;0;0;3 750
14;SH;Revenu;Déduction des primes d'assurance et des intérêts de l'épargne, personnes célibataires sans cotisations pilier 2/3a;0;0;0;3 750
14;SH;Revenu;Déduction des primes d'assurance et des intérêts de l'épargne, enfant;0;0;0;1 000
14;SH;Revenu;Déduction pour couple à deux revenus;0;0;0;800
14;SH;Revenu;Déduction pour frais de gestion de fortune;0;0,25;0;3 000
14;SH;Revenu;Déduction des frais de garde des enfants par des tiers;0;0;0;9 400
14;SH;Revenu;Déduction pour enfants;8 400;0;0;0
14;SH;Revenu;Déduction pour enfant, âge inférieur à 5 ans;3 000;0;0;0
14;SH;Revenu;Déduction maximale pilier 3a avec solution de prévoyance;0;0;0;7 258
14;SH;Revenu;Déduction maximale pilier 3a sans solution de prévoyance;0;0;0;36 288
14;SH;Revenu;Taux d'intérêt technique maximal Prime unique en CHF FINMA;0;350;0;0
14;SH;Revenu;Déduction des frais supplémentaires de repas sans subvention;0;0;0;3 200
14;SH;Revenu;Déduction des frais supplémentaires de repas avec subvention;0;0;0;1 600
15;AR;Revenu;Déduction des frais de déplacement revenu principal;0;0;0;6 000
15;AR;Revenu;Déduction forfaitaire pour dépenses professionnelles du revenu accessoire;0;20;800;2 400
15;AR;Revenu;Déduction forfaitaire pour autres frais professionnels;700;10;0;2 400
15;AR;Revenu;Déduction de la valeur locative imputée;0;20;0;0
15;AR;Revenu;Déduction forfaitaire pour les frais d'entretien des biens immobiliers jusqu'à 10 ans;0;10;0;0
15;AR;Revenu;Déduction forfaitaire des frais d'entretien pour les immeubles de plus de 10 ans;0;20;0;0
15;AR;Revenu;Déduction des primes d'assurance et des intérêts de l'épargne, personnes mariées avec cotisations pilier 2/3a;0;0;0;5 400
15;AR;Revenu;Déduction des primes d'assurance et des intérêts de l'épargne, personnes mariées sans cotisations pilier 2/3a;0;0;0;5 400
15;AR;Revenu;Déduction des primes d'assurance et des intérêts de l'épargne, personnes célibataires avec cotisations pilier 2/3a;0;0;0;2 700
15;AR;Revenu;Déduction des primes d'assurance et des intérêts de l'épargne, personnes célibataires sans cotisations pilier 2/3a;0;0;0;2 700
15;AR;Revenu;Déduction des primes d'assurance et des intérêts de l'épargne, enfant;0;0;0;1 000
15;AR;Revenu;Déduction pour couple à deux revenus;0;10;2 500;5 200
15;AR;Revenu;Déduction pour frais de gestion de fortune;0;0,3;0;6 000
15;AR;Revenu;Déduction des frais de garde des enfants par des tiers;0;0;0;25 000
15;AR;Revenu;Déduction pour les enfants adultes;11 600;0;0;0
15;AR;Revenu;Déduction pour enfant, âge inférieur à 5 ans;5 300;0;0;0
15;AR;Revenu;Déduction pour enfant, âge entre 5 et 15 ans;7 400;0;0;0
15;AR;Revenu;Déduction pour enfant de plus de 15 ans;11 600;0;0;0
15;AR;Revenu;Déduction maximale pilier 3a avec solution de prévoyance;0;0;0;7 258
15;AR;Revenu;Déduction maximale pilier 3a sans solution de prévoyance;0;0;0;36 288
15;AR;Revenu;Taux d'intérêt technique maximal Prime unique en CHF FINMA;0;350;0;0
15;AR;Revenu;Déduction des frais supplémentaires de repas sans subvention;0;0;0;3 200
15;AR;Revenu;Déduction des frais supplémentaires de repas avec subvention;0;0;0;1 600
16;AI;Revenu;Déduction forfaitaire pour dépenses professionnelles du revenu accessoire;0;20;800;2 400
16;AI;Revenu;Déduction forfaitaire pour autres frais professionnels;1 000;5;0;5 000
16;AI;Revenu;Déduction de la valeur locative imputée;0;30;0;0
16;AI;Revenu;Déduction forfaitaire pour les frais d'entretien des biens immobiliers jusqu'à 10 ans;0;20;0;0
16;AI;Revenu;Déduction forfaitaire des frais d'entretien pour les immeubles de plus de 10 ans;0;20;0;0
16;AI;Revenu;Déduction des primes d'assurance et des intérêts de l'épargne, personnes mariées avec cotisations pilier 2/3a;0;0;0;5 800
16;AI;Revenu;Déduction des primes d'assurance et des intérêts de l'épargne, personnes mariées sans cotisations pilier 2/3a;0;0;0;6 800
16;AI;Revenu;Déduction des primes d'assurance et des intérêts de l'épargne, personnes célibataires avec cotisations pilier 2/3a;0;0;0;2 900
16;AI;Revenu;Déduction des primes d'assurance et des intérêts de l'épargne, personnes célibataires sans cotisations pilier 2/3a;0;0;0;3 400
16;AI;Revenu;Déduction des primes d'assurance et des intérêts de l'épargne, enfant;0;0;0;600
16;AI;Revenu;Déduction pour couple à deux revenus;0;0;0;500
16;AI;Revenu;Déduction des frais de garde des enfants par des tiers;0;0;0;18 000
16;AI;Revenu;Déduction pour frais de formation des enfants, éducation externe;0;0;0;8 000
16;AI;Revenu;Déduction pour enfant, 1er et 2ème enfant;6 000;0;0;0
16;AI;Revenu;Déduction enfants dès 3 enfants;8 000;0;0;0
16;AI;Revenu;Déduction maximale pilier 3a avec solution de prévoyance;0;0;0;7 258
16;AI;Revenu;Déduction maximale pilier 3a sans solution de prévoyance;0;0;0;36 288
16;AI;Revenu;Taux d'intérêt technique maximal Prime unique en CHF FINMA;0;350;0;0
16;AI;Revenu;Déduction des frais supplémentaires de repas sans subvention;0;0;0;3 200
16;AI;Revenu;Déduction des frais supplémentaires de repas avec subvention;0;0;0;1 600
17;SG;Revenu;Déduction des frais de déplacement revenu principal;0;0;0;8 000
17;SG;Revenu;Déduction forfaitaire pour dépenses professionnelles du revenu accessoire;0;20;800;2 400
17;SG;Revenu;Déduction forfaitaire pour autres frais professionnels;700;10;0;2 400
17;SG;Revenu;Déduction de la valeur locative imputée;0;30;0;0
17;SG;Revenu;Déduction forfaitaire pour les frais d'entretien des biens immobiliers jusqu'à 10 ans;0;20;0;0
17;SG;Revenu;Déduction forfaitaire des frais d'entretien pour les immeubles de plus de 10 ans;0;20;0;0
17;SG;Revenu;Déduction des primes d'assurance et des intérêts de l'épargne, personnes mariées avec cotisations pilier 2/3a;0;0;0;6 800
17;SG;Revenu;Déduction des primes d'assurance et des intérêts de l'épargne, personnes mariées sans cotisations pilier 2/3a;0;0;0;7 900
17;SG;Revenu;Déduction des primes d'assurance et des intérêts de l'épargne, personnes célibataires avec cotisations pilier 2/3a;0;0;0;3 400
17;SG;Revenu;Déduction des primes d'assurance et des intérêts de l'épargne, personnes célibataires sans cotisations pilier 2/3a;0;0;0;3 900
17;SG;Revenu;Déduction des primes d'assurance et des intérêts de l'épargne, enfant;0;0;0;1 100
17;SG;Revenu;Déduction pour couple à deux revenus;0;0;0;500
17;SG;Revenu;Déduction pour frais de gestion de fortune;0;0,2;0;6 000
17;SG;Revenu;Déduction des frais de garde des enfants par des tiers;0;0;0;26 700
17;SG;Revenu;Coûts de formation des enfants, Contribution propre;3 200;0;0;0
17;SG;Revenu;Déduction pour les frais de formation des enfants;0;0;0;13 700
17;SG;Revenu;Déduction pour enfant, âge inférieur à 7 ans;7 600;0;0;0
17;SG;Revenu;Déduction pour enfant de plus de 6 ans;10 800;0;0;0
17;SG;Revenu;Déduction maximale pilier 3a avec solution de prévoyance;0;0;0;7 258
17;SG;Revenu;Déduction maximale pilier 3a sans solution de prévoyance;0;0;0;36 288
17;SG;Revenu;Taux d'intérêt technique maximal Prime unique en CHF FINMA;0;350;0;0
17;SG;Revenu;Déduction des frais supplémentaires de repas sans subvention;0;0;0;3 200
17;SG;Revenu;Déduction des frais supplémentaires de repas avec subvention;0;0;0;1 600
18;GR;Revenu;Déduction forfaitaire pour dépenses professionnelles du revenu accessoire;0;20;800;2 400
18;GR;Revenu;Déduction forfaitaire pour autres frais professionnels;0;10;1 400;3 300
18;GR;Revenu;Déduction de la valeur locative imputée;0;30;0;0
18;GR;Revenu;Déduction forfaitaire pour les frais d'entretien des biens immobiliers jusqu'à 10 ans;0;10;0;0
18;GR;Revenu;Déduction forfaitaire des frais d'entretien pour les immeubles de plus de 10 ans;0;20;0;0
18;GR;Revenu;Déduction des primes d'assurance et des intérêts de l'épargne, personnes mariées avec cotisations pilier 2/3a;0;0;0;9 200
18;GR;Revenu;Déduction des primes d'assurance et des intérêts de l'épargne, personnes mariées sans cotisations pilier 2/3a;0;0;0;11 600
18;GR;Revenu;Déduction des primes d'assurance et des intérêts de l'épargne, personnes célibataires avec cotisations pilier 2/3a;0;0;0;4 600
18;GR;Revenu;Déduction des primes d'assurance et des intérêts de l'épargne, personnes célibataires sans cotisations pilier 2/3a;0;0;0;5 800
18;GR;Revenu;Déduction des primes d'assurance et des intérêts de l'épargne, enfant;0;0;0;1 000
18;GR;Revenu;Déduction pour couple à deux revenus;0;0;0;600
18;GR;Revenu;Déduction pour frais de gestion de fortune;0;0,25;0;9 000
18;GR;Revenu;Déduction des frais de garde des enfants par des tiers;0;0;0;10 900
18;GR;Revenu;Déduction pour frais de formation des enfants, éducation externe;19 700;0;0;0
18;GR;Revenu;Déduction pour enfant, âge inférieur à 7 ans;6 600;0;0;0
18;GR;Revenu;Déduction pour enfant de plus de 6 ans;9 900;0;0;0
18;GR;Revenu;Déduction maximale pilier 3a avec solution de prévoyance;0;0;0;7 258
18;GR;Revenu;Déduction maximale pilier 3a sans solution de prévoyance;0;0;0;36 288
18;GR;Revenu;Taux d'intérêt technique maximal Prime unique en CHF FINMA;0;350;0;0
18;GR;Revenu;Déduction des frais supplémentaires de repas sans subvention;0;0;0;3 200
18;GR;Revenu;Déduction des frais supplémentaires de repas avec subvention;0;0;0;1 600
19;AG;Revenu;Déduction des frais de déplacement revenu principal;0;0;0;7 000
19;AG;Revenu;Déduction forfaitaire pour dépenses professionnelles du revenu accessoire;0;20;800;2 400
19;AG;Revenu;Déduction forfaitaire pour autres frais professionnels;0;3;2 000;4 000
19;AG;Revenu;Déduction forfaitaire pour les frais d'entretien des biens immobiliers jusqu'à 10 ans;0;10;0;0
19;AG;Revenu;Déduction forfaitaire des frais d'entretien pour les immeubles de plus de 10 ans;0;20;0;0
19;AG;Revenu;Déduction des primes d'assurance et des intérêts de l'épargne, personnes mariées avec cotisations pilier 2/3a;0;0;0;7 200
19;AG;Revenu;Déduction des primes d'assurance et des intérêts de l'épargne, personnes mariées sans cotisations pilier 2/3a;0;0;0;7 200
19;AG;Revenu;Déduction des primes d'assurance et des intérêts de l'épargne, personnes célibataires avec cotisations pilier 2/3a;0;0;0;3 600
19;AG;Revenu;Déduction des primes d'assurance et des intérêts de l'épargne, personnes célibataires sans cotisations pilier 2/3a;0;0;0;3 600
19;AG;Revenu;Déduction pour couple à deux revenus;0;0;0;600
19;AG;Revenu;Déduction des frais de garde des enfants par des tiers;0;0;0;25 000
19;AG;Revenu;Déduction pour enfant, âge inférieur à 14 ans;9 300;0;0;0
19;AG;Revenu;Déduction pour enfant, âge entre 14 et 17 ans;10 300;0;0;0
19;AG;Revenu;Déduction pour les enfants adultes;12 400;0;0;0
19;AG;Revenu;Déduction maximale pilier 3a avec solution de prévoyance;0;0;0;7 258
19;AG;Revenu;Déduction maximale pilier 3a sans solution de prévoyance;0;0;0;36 288
19;AG;Revenu;Taux d'intérêt technique maximal Prime unique en CHF FINMA;0;350;0;0
19;AG;Revenu;Déduction des frais supplémentaires de repas sans subvention;0;0;0;3 200
19;AG;Revenu;Déduction des frais supplémentaires de repas avec subvention;0;0;0;1 600
20;TG;Revenu;Déduction des frais de déplacement revenu principal;0;0;0;6 000
20;TG;Revenu;Déduction forfaitaire pour dépenses professionnelles du revenu accessoire;0;20;800;2 400
20;TG;Revenu;Déduction forfaitaire pour autres frais professionnels;0;3;2 000;4 000
20;TG;Revenu;Déduction de la valeur locative imputée;0;40;0;0
20;TG;Revenu;Déduction forfaitaire pour les frais d'entretien des biens immobiliers jusqu'à 10 ans;0;10;0;0
20;TG;Revenu;Déduction forfaitaire des frais d'entretien pour les immeubles de plus de 10 ans;0;20;0;0
20;TG;Revenu;Déduction des primes d'assurance et des intérêts de l'épargne, personnes mariées avec cotisations pilier 2/3a;0;0;0;7 000
20;TG;Revenu;Déduction des primes d'assurance et des intérêts de l'épargne, personnes mariées sans cotisations pilier 2/3a;0;0;0;7 000
20;TG;Revenu;Déduction des primes d'assurance et des intérêts de l'épargne, personnes célibataires avec cotisations pilier 2/3a;0;0;0;3 500
20;TG;Revenu;Déduction des primes d'assurance et des intérêts de l'épargne, personnes célibataires sans cotisations pilier 2/3a;0;0;0;3 500
20;TG;Revenu;Déduction des primes d'assurance et des intérêts de l'épargne, enfant;0;0;0;1 000
20;TG;Revenu;Déduction pour frais de gestion de fortune;0;0,2;0;6 000
20;TG;Revenu;Déduction des frais de garde des enfants par des tiers;0;75;0;10 100
20;TG;Revenu;Déduction pour enfant, âge 18 ou 19 ans;8 500;0;0;0
20;TG;Revenu;Déduction pour enfant de plus de 19 ans;10 600;0;0;0
20;TG;Revenu;Déduction pour les enfants mineurs;7 400;0;0;0
20;TG;Revenu;Déduction maximale pilier 3a avec solution de prévoyance;0;0;0;7 258
20;TG;Revenu;Déduction maximale pilier 3a sans solution de prévoyance;0;0;0;36 288
20;TG;Revenu;Taux d'intérêt technique maximal Prime unique en CHF FINMA;0;350;0;0
20;TG;Revenu;Déduction des frais supplémentaires de repas sans subvention;0;0;0;3 200
20;TG;Revenu;Déduction des frais supplémentaires de repas avec subvention;0;0;0;1 600
21;TI;Revenu;Déduction forfaitaire pour dépenses professionnelles du revenu accessoire;0;0;0;800
21;TI;Revenu;Déduction forfaitaire pour autres frais professionnels;0;0;0;3 000
21;TI;Revenu;Déduction de la valeur locative imputée;0;10;0;0
21;TI;Revenu;Déduction forfaitaire pour les frais d'entretien des biens immobiliers jusqu'à 10 ans;0;10;0;0
21;TI;Revenu;Déduction forfaitaire des frais d'entretien pour les immeubles de plus de 10 ans;0;20;0;0
21;TI;Revenu;Déduction des primes d'assurance et des intérêts de l'épargne, personnes mariées avec cotisations pilier 2/3a;0;0;0;10 900
21;TI;Revenu;Déduction des primes d'assurance et des intérêts de l'épargne, personnes mariées sans cotisations pilier 2/3a;0;0;0;15 400
21;TI;Revenu;Déduction des primes d'assurance et des intérêts de l'épargne, personnes célibataires avec cotisations pilier 2/3a;0;0;0;5 500
21;TI;Revenu;Déduction des primes d'assurance et des intérêts de l'épargne, personnes célibataires sans cotisations pilier 2/3a;0;0;0;7 800
21;TI;Revenu;Déduction des primes d'assurance et des intérêts de l'épargne, enfant;0;0;0;1 200
21;TI;Revenu;Déduction pour couple à deux revenus;0;0;0;8 100
21;TI;Revenu;Déduction des frais de garde des enfants par des tiers;0;0;0;26 200
21;TI;Revenu;Déduction pour frais de formation des enfants, éducation externe avec séjour hebdomadaire hors du canton;13 900;0;0;0
21;TI;Revenu;Déduction pour frais de formation des enfants, éducation externe sans séjour hebdomadaire hors du canton;6 600;0;0;0
21;TI;Revenu;Déduction pour frais de formation des enfants, éducation externe avec séjour hebdomadaire dans le canton;4 800;0;0;0
21;TI;Revenu;Déduction pour frais de formation des enfants, éducation externe sans séjour hebdomadaire;2 000;0;0;0
21;TI;Revenu;Déduction pour enfants;11 500;0;0;0
21;TI;Revenu;Déduction maximale pilier 3a avec solution de prévoyance;0;0;0;7 258
21;TI;Revenu;Déduction maximale pilier 3a sans solution de prévoyance;0;0;0;36 288
21;TI;Revenu;Taux d'intérêt technique maximal Prime unique en CHF FINMA;0;350;0;0
21;TI;Revenu;Déduction des frais supplémentaires de repas sans subvention;0;0;0;3 200
21;TI;Revenu;Déduction des frais supplémentaires de repas avec subvention;0;0;0;1 600
22;VD;Revenu;Déduction forfaitaire pour dépenses professionnelles du revenu accessoire;0;20;800;2 400
22;VD;Revenu;Déduction forfaitaire pour autres frais professionnels;0;3;2 000;4 000
22;VD;Revenu;Déduction de la valeur locative imputée;0;35;0;0
22;VD;Revenu;Déduction des intérêts de capitaux d'épargne, personnes mariées;0;0;0;3 300
22;VD;Revenu;Déduction des intérêts de capitaux d'épargne, personnes célibataires;0;0;0;1 600
22;VD;Revenu;Déduction des intérêts de capitaux d'épargne, enfant;0;0;0;300
22;VD;Revenu;Déduction des primes d'assurance, personnes mariées;0;0;0;9 800
22;VD;Revenu;Déduction des primes d'assurance, personnes célibataires;0;0;0;4 900
22;VD;Revenu;Déduction des primes d'assurance, enfant;0;0;0;1 300
22;VD;Revenu;Déduction pour couple à deux revenus;0;0;0;1 700
22;VD;Revenu;Déduction des frais de garde des enfants par des tiers;0;0;0;15 200
22;VD;Revenu;Déduction pour les personnes célibataires avec enfants;0;0;0;2 800
22;VD;Revenu;Déduction pour les enfants mineurs;0;0;0;1 000
22;VD;Revenu;Déduction pour personnes mariées;0;0;0;1 300
22;VD;Revenu;Déduction forfaitaire pour les frais d'entretien des immeubles occupés par leur propriétaire et âgés de plus de 20 ans;0;30;0;0
22;VD;Revenu;déduction sociale revenus modestes célibataire;17 000;0;0;0
22;VD;Revenu;déduction sociale revenus modestes marié;22 700;0;0;0
22;VD;Revenu;déduction sociale revenus modestes enfant;3 500;0;0;0
22;VD;Revenu;Déduction forfaitaire pour le loyer des personnes mariées;0;0;0;13 500
22;VD;Revenu;Déduction forfaitaire pour le loyer des célibataires;0;0;0;11 000
22;VD;Revenu;Déduction forfaitaire loyer par enfant;0;0;0;3 700
22;VD;Revenu;Déduction maximale du loyer ;0;0;0;6 800
22;VD;Revenu;Déduction forfaitaire pour les frais d'entretien des biens immobiliers occupés par leur propriétaire et âgés de moins de 20 ans;0;20;0;0
22;VD;Revenu;Déduction forfaitaire des frais d'entretien des immeubles loués jusqu'à 20 ans d'âge;0;10;0;0
22;VD;Revenu;Déduction forfaitaire des frais d'entretien des immeubles loués jusqu'à 20 ans d'âge;0;0;0;15 000
22;VD;Revenu;Déduction forfaitaire des frais d'entretien des immeubles loués de plus de 20 ans;0;0;0;30 000
22;VD;Revenu;Déduction sociale revenus modestes famille monoparentale avec enfant;23 700;0;0;0
22;VD;Revenu;Seuil de sortie de la déduction pour famille 1;126 300;0;0;0
22;VD;Revenu;Seuil de sortie de la déduction pour famille 2;164 100;0;0;0
22;VD;Revenu;Déduction maximale pilier 3a avec solution de prévoyance;0;0;0;7 258
22;VD;Revenu;Déduction maximale pilier 3a sans solution de prévoyance;0;0;0;36 288
22;VD;Revenu;Taux d'intérêt technique maximal Prime unique en CHF FINMA;0;350;0;0
22;VD;Revenu;Déduction des frais supplémentaires de repas sans subvention;0;0;0;3 200
22;VD;Revenu;Déduction des frais supplémentaires de repas avec subvention;0;0;0;1 600
23;VS;Revenu;Déduction forfaitaire pour dépenses professionnelles du revenu accessoire;0;20;800;2 400
23;VS;Revenu;Déduction forfaitaire pour autres frais professionnels;0;3;2 000;4 000
23;VS;Revenu;Déduction forfaitaire pour les frais d'entretien des biens immobiliers jusqu'à 10 ans;0;10;0;0
23;VS;Revenu;Déduction forfaitaire des frais d'entretien pour les immeubles de plus de 10 ans;0;20;0;0
23;VS;Revenu;Déduction des primes d'assurance et des intérêts de l'épargne, personnes mariées avec cotisations pilier 2/3a;0;0;0;7 240
23;VS;Revenu;Déduction des primes d'assurance et des intérêts de l'épargne, personnes mariées sans cotisations pilier 2/3a;0;0;0;7 240
23;VS;Revenu;Déduction des primes d'assurance et des intérêts de l'épargne, personnes célibataires avec cotisations pilier 2/3a;0;0;0;3 620
23;VS;Revenu;Déduction des primes d'assurance et des intérêts de l'épargne, personnes célibataires sans cotisations pilier 2/3a;0;0;0;3 620
23;VS;Revenu;Déduction des primes d'assurance et des intérêts de l'épargne, enfant;0;0;0;1 130
23;VS;Revenu;Déduction pour couple à deux revenus;0;0;0;6 290
23;VS;Revenu;Déduction pour frais de gestion de fortune;0;0,1;0;1 000
23;VS;Revenu;Déduction des frais de garde des enfants par des tiers;0;0;0;10 000
23;VS;Revenu;Déduction pour propres enfants à charge;3 130;0;0;0
23;VS;Revenu;Déduction pour frais de formation des enfants, éducation externe;5 220;0;0;0
23;VS;Revenu;Déduction pour enfants, de 17 ans;11 930;0;0;0
23;VS;Revenu;Déduction pour enfant, âge inférieur à 7 ans;7 860;0;0;0
23;VS;Revenu;Déduction pour les enfants adultes;11 930;0;0;0
23;VS;Revenu;Déduction supplémentaire pour enfants, dès 3 enfants;1 240;0;0;0
23;VS;Revenu;Déduction pour enfant, âge entre 7 et 16 ans;8 940;0;0;0
23;VS;Revenu;Déduction maximale pilier 3a avec solution de prévoyance;0;0;0;7 258
23;VS;Revenu;Déduction maximale pilier 3a sans solution de prévoyance;0;0;0;36 288
23;VS;Revenu;Taux d'intérêt technique maximal Prime unique en CHF FINMA;0;350;0;0
23;VS;Revenu;Déduction des frais supplémentaires de repas sans subvention;0;0;0;3 200
23;VS;Revenu;Déduction des frais supplémentaires de repas avec subvention;0;0;0;1 600
24;NE;Revenu;Déduction forfaitaire pour dépenses professionnelles du revenu accessoire;0;20;800;2 400
24;NE;Revenu;Déduction forfaitaire pour autres frais professionnels;0;3;2 000;4 000
24;NE;Revenu;Déduction forfaitaire pour les frais d'entretien des biens immobiliers jusqu'à 10 ans;0;10;0;7 200
24;NE;Revenu;Déduction forfaitaire des frais d'entretien pour les immeubles de plus de 10 ans;0;20;0;12 000
24;NE;Revenu;Déduction des primes d'assurance et des intérêts de l'épargne, personnes mariées avec cotisations pilier 2/3a;0;0;0;4 900
24;NE;Revenu;Déduction des primes d'assurance et des intérêts de l'épargne, personnes mariées sans cotisations pilier 2/3a;0;0;0;6 125
24;NE;Revenu;Déduction des primes d'assurance et des intérêts de l'épargne, personnes célibataires avec cotisations pilier 2/3a;0;0;0;2 500
24;NE;Revenu;Déduction des primes d'assurance et des intérêts de l'épargne, personnes célibataires sans cotisations pilier 2/3a;0;0;0;3 125
24;NE;Revenu;Déduction des primes d'assurance et des intérêts de l'épargne, enfant;0;0;0;800
24;NE;Revenu;Déduction pour couple à deux revenus;0;25;0;1 200
24;NE;Revenu;Déduction des frais de garde des enfants par des tiers;0;0;0;20 400
24;NE;Revenu;Déduction pour enfant de plus de 14 ans;8 200;0;0;0
24;NE;Revenu;Déduction pour enfant, âge inférieur à 4 ans;6 200;0;0;0
24;NE;Revenu;Déduction pour enfant, âge entre 4 et 13 ans;6 700;0;0;0
24;NE;Revenu;Déduction pour enfants majeurs en dehors de la maison;3 100;0;0;0
24;NE;Revenu;Déduction maximale pilier 3a avec solution de prévoyance;0;0;0;7 258
24;NE;Revenu;Déduction maximale pilier 3a sans solution de prévoyance;0;0;0;36 288
24;NE;Revenu;Taux d'intérêt technique maximal Prime unique en CHF FINMA;0;350;0;0
24;NE;Revenu;Déduction des frais supplémentaires de repas sans subvention;0;0;0;3 200
24;NE;Revenu;Déduction des frais supplémentaires de repas avec subvention;0;0;0;1 600
25;GE;Revenu;Déduction des frais de déplacement revenu principal;0;0;0;534
25;GE;Revenu;Déduction forfaitaire pour dépenses professionnelles du revenu accessoire;0;20;807;2 422
25;GE;Revenu;Déduction forfaitaire pour autres frais professionnels;0;3;640;1 812
25;GE;Revenu;Déduction forfaitaire pour les frais d'entretien des biens immobiliers jusqu'à 10 ans;0;15;0;0
25;GE;Revenu;Déduction forfaitaire des frais d'entretien pour les immeubles de plus de 10 ans;0;25;0;0
25;GE;Revenu;Déduction des primes d'assurance et des intérêts de l'épargne, personnes mariées;0;0;0;3 518
25;GE;Revenu;Déduction des primes d'assurance et des intérêts de l'épargne, personnes célibataires;0;0;0;2 345
25;GE;Revenu;Déduction des primes d'assurance et des intérêts de l'épargne, enfant;0;0;0;959
25;GE;Revenu;Facteur Primes d'assurance et intérêts de l'épargne, personnes mariées toutes les deux sans cotisations pilier 2/3a;2;0;0;0
25;GE;Revenu;Facteur Primes d'assurance et intérêts de l'épargne, personnes mariées, une personne sans cotisations pilier 2/3a;2;0;0;0
25;GE;Revenu;Facteur Primes d'assurance et intérêts de l'épargne, personnes célibataires sans cotisations pilier 2/3a;2;0;0;0
25;GE;Revenu;Déduction pour couple à deux revenus;0;0;0;1 051
25;GE;Revenu;Déduction des frais de garde des enfants par des tiers;0;0;0;26 320
25;GE;Revenu;Déduction pour enfants;13 660;0;0;0
25;GE;Revenu;Caisse maladie Prime moyenne Mineurs;0;0;0;3 965
25;GE;Revenu;Caisse maladie Prime moyenne jeunes adultes;0;0;0;12 842
25;GE;Revenu;Caisse maladie Prime moyenne adulte;0;0;0;17 122
25;GE;Revenu;Déduction maximale pilier 3a avec solution de prévoyance;0;0;0;7 258
25;GE;Revenu;Déduction maximale pilier 3a sans solution de prévoyance;0;0;0;36 288
25;GE;Revenu;Taux d'intérêt technique maximal Prime unique en CHF FINMA;0;350;0;0
25;GE;Revenu;Déduction des frais supplémentaires de repas sans subvention;0;0;0;3 200
25;GE;Revenu;Déduction des frais supplémentaires de repas avec subvention;0;0;0;1 600
26;JU;Revenu;Déduction forfaitaire pour dépenses professionnelles du revenu accessoire;0;20;800;2 400
26;JU;Revenu;Déduction forfaitaire pour autres frais professionnels;0;20;0;4 100
26;JU;Revenu;Déduction forfaitaire pour les frais d'entretien des biens immobiliers jusqu'à 10 ans;0;10;0;0
26;JU;Revenu;Déduction forfaitaire des frais d'entretien pour les immeubles de plus de 10 ans;0;20;0;0
26;JU;Revenu;Déduction des primes d'assurance et des intérêts de l'épargne, personnes célibataires avec cotisations pilier 2/3a;0;0;0;3 400
26;JU;Revenu;Déduction des primes d'assurance et des intérêts de l'épargne, personnes célibataires sans cotisations pilier 2/3a;0;0;0;4 190
26;JU;Revenu;Déduction des primes d'assurance et des intérêts de l'épargne, enfant mineur;0;0;0;1 020
26;JU;Revenu;Déduction des primes d'assurance et des intérêts de l'épargne, enfant majeur;0;0;0;3 400
26;JU;Revenu;Déduction pour couple à deux revenus;0;0;0;2 700
26;JU;Revenu;Déduction des frais de garde des enfants par des tiers;0;0;0;10 600
26;JU;Revenu;Déduction pour frais de formation des enfants, éducation externe;10 600;0;0;0
26;JU;Revenu;Déduction pour enfant, 1er et 2ème enfant;5 700;0;0;0
26;JU;Revenu;Déduction enfants dès 3 enfants;6 400;0;0;0
26;JU;Revenu;Déduction pour enfants majeurs en dehors de la maison;2 400;0;0;0
26;JU;Revenu;Déduction pour personnes mariées;3 700;0;0;0
26;JU;Revenu;Déduction pour famille monoparentale;2 700;0;0;0
26;JU;Revenu;Déduction pour contribuables célibataires;1 800;0;0;0
26;JU;Revenu;Déduction des primes d'assurance et des intérêts de l'épargne, personnes mariées, les deux avec des cotisations au pilier 2/3a;0;0;0;6 800
26;JU;Revenu;Déduction des primes d'assurance et des intérêts de l'épargne, personnes mariées, les deux sans des cotisations au pilier 2/3a;0;0;0;8 380
26;JU;Revenu;Déduction des primes d'assurance et des intérêts de l'épargne, personnes mariées, une personne sans cotisations pilier 2/3a;0;0;0;7 590
26;JU;Revenu;Déduction maximale pilier 3a avec solution de prévoyance;0;0;0;7 258
26;JU;Revenu;Déduction maximale pilier 3a sans solution de prévoyance;0;0;0;36 288
26;JU;Revenu;Taux d'intérêt technique maximal Prime unique en CHF FINMA;0;350;0;0
26;JU;Revenu;Déduction des frais supplémentaires de repas sans subvention;0;0;0;3 200
26;JU;Revenu;Déduction des frais supplémentaires de repas avec subvention;0;0;0;1 600
